chain_id,sample_idx,correct,output_tokens,n_steps,v0_synthetic_cpu_min,v0_synthetic_cpu_mean
1c1e69cc61,0,1,378,15,0.00527,0.82231
1c1e69cc61,1,1,447,12,0.00442,0.80833
1c1e69cc61,2,1,311,11,0.51361,0.93755
1c1e69cc61,3,1,300,14,0.98904,0.99698
bfbdad0201,0,1,258,12,0.49462,0.95024
bfbdad0201,1,1,229,9,0.91496,0.98515
bfbdad0201,2,1,288,10,0.43262,0.93272
bfbdad0201,3,1,248,13,0.957,0.9899
2e5531d43a,0,0,283,7,0.09742,0.85336
2e5531d43a,1,0,406,10,0.82675,0.95773
2e5531d43a,2,1,322,9,0.01664,0.86704
2e5531d43a,3,0,328,12,0.9317,0.97921
6cabdee3e7,0,1,223,8,0.95469,0.98884
6cabdee3e7,1,1,246,9,0.96588,0.99219
6cabdee3e7,2,1,318,8,0.93069,0.98363
6cabdee3e7,3,1,189,10,0.92449,0.98878
bdd7e13b72,0,1,251,6,0.98229,0.99054
bdd7e13b72,1,1,303,13,0.98278,0.99491
bdd7e13b72,2,1,230,6,0.65099,0.93112
bdd7e13b72,3,1,269,11,0.73407,0.97106
d1958928ab,0,1,140,6,0.99191,0.99629
d1958928ab,1,1,152,6,0.99226,0.99642
d1958928ab,2,1,215,6,0.98639,0.99324
d1958928ab,3,1,219,6,0.98756,0.99408
50542306fc,0,1,393,13,0.48467,0.95404
50542306fc,1,1,411,14,0.97585,0.99247
50542306fc,2,1,400,9,0.96512,0.98771
50542306fc,3,1,287,8,0.18379,0.88607
a9df7adfe5,0,0,388,18,0.75673,0.96722
a9df7adfe5,1,0,356,19,0.00368,0.84717
a9df7adfe5,2,0,378,17,0.01983,0.81049
a9df7adfe5,3,1,491,23,0.00083,0.87048
fc17d92598,0,0,390,14,0.97786,0.99381
fc17d92598,1,0,305,12,0.91547,0.98486
fc17d92598,2,1,316,11,0.83942,0.9727
fc17d92598,3,0,451,14,0.05081,0.85592
0183f714f9,0,0,301,12,0.96246,0.99285
0183f714f9,1,0,275,8,0.95831,0.99002
0183f714f9,2,0,246,9,0.95744,0.98624
0183f714f9,3,0,356,17,0.96664,0.99451
d44782da8a,0,1,233,10,0.00084,0.7597
d44782da8a,1,1,287,12,0.95269,0.99107
d44782da8a,2,1,258,8,0.56259,0.91032
d44782da8a,3,1,274,7,0.9552,0.98617
39b6d387f6,0,0,512,15,0.39237,0.92903
39b6d387f6,1,0,383,10,0.19903,0.83934
39b6d387f6,2,1,408,9,0.0087,0.81072
39b6d387f6,3,0,382,9,0.07446,0.70368
785f046a43,0,1,196,7,0.92896,0.98373
785f046a43,1,1,224,8,0.97326,0.99187
785f046a43,2,1,242,6,0.96246,0.98823
785f046a43,3,1,265,8,0.43328,0.91444
5fb62808ef,0,1,205,7,0.95642,0.98895
5fb62808ef,1,1,211,7,0.94026,0.98793
5fb62808ef,2,1,176,7,0.98094,0.99232
5fb62808ef,3,1,199,7,0.96881,0.99191
82d723ddad,0,1,362,13,0.75258,0.97715
82d723ddad,1,1,372,12,0.98769,0.99643
82d723ddad,2,1,322,10,0.98539,0.99432
82d723ddad,3,1,360,12,0.98558,0.9958
db860ff872,0,0,374,13,0.96452,0.99323
db860ff872,1,0,435,19,0.97199,0.99525
db860ff872,2,0,512,13,0.9651,0.99024
db860ff872,3,0,400,17,0.91798,0.99281
08785a8518,0,1,337,8,0.0667,0.84761
08785a8518,1,1,240,4,0.59953,0.89239
08785a8518,2,1,315,7,0.22297,0.88238
08785a8518,3,1,254,7,0.88254,0.97927
83721fbfce,0,1,137,7,0.98344,0.99333
83721fbfce,1,1,202,11,0.98147,0.99453
83721fbfce,2,1,179,6,0.98929,0.99486
83721fbfce,3,1,166,6,0.94966,0.9839
5377384f0e,0,1,330,7,0.98711,0.99471
5377384f0e,1,1,284,10,0.97753,0.99421
5377384f0e,2,1,281,12,0.97824,0.99544
5377384f0e,3,1,241,7,0.99341,0.99789
2ae8e1ea00,0,0,477,10,0.00121,0.82185
2ae8e1ea00,1,0,512,10,0.04567,0.84582
2ae8e1ea00,2,0,484,9,0.02051,0.81755
2ae8e1ea00,3,0,512,13,0.01524,0.90297
4e3c00c973,0,1,242,7,0.82073,0.96472
4e3c00c973,1,1,171,6,0.92068,0.97874
4e3c00c973,2,1,223,7,0.98175,0.99109
4e3c00c973,3,1,201,7,0.97798,0.98697
389c696982,0,1,250,10,0.9571,0.99265
389c696982,1,1,357,12,0.28253,0.93545
389c696982,2,1,278,11,0.98346,0.99337
389c696982,3,1,319,11,0.72933,0.95589
68d393d382,0,0,330,17,0.01872,0.85951
68d393d382,1,0,392,20,0.01667,0.89722
68d393d382,2,1,399,15,0.81244,0.96291
68d393d382,3,0,340,19,0.26538,0.91647
bb7afdfe9c,0,0,308,9,0.98162,0.99357
bb7afdfe9c,1,0,223,8,0.99051,0.99544
bb7afdfe9c,2,0,235,9,0.99202,0.99565
bb7afdfe9c,3,1,337,10,0.25665,0.91738
7c3ca88b16,0,0,214,9,0.07629,0.88355
7c3ca88b16,1,1,343,11,0.83211,0.98017
7c3ca88b16,2,1,300,9,0.9572,0.98999
7c3ca88b16,3,1,235,8,0.08348,0.86907
92284b5389,0,1,288,13,0.48793,0.91653
92284b5389,1,1,229,10,0.63137,0.94994
92284b5389,2,1,224,9,0.82758,0.96115
92284b5389,3,1,216,9,0.81845,0.96726
649f8d7e4a,0,1,221,8,0.97418,0.99185
649f8d7e4a,1,1,236,4,0.95461,0.97686
649f8d7e4a,2,1,178,5,0.95342,0.98166
649f8d7e4a,3,1,241,7,0.97287,0.99127
c88de7ab9e,0,1,168,8,0.81958,0.95248
c88de7ab9e,1,1,227,7,0.92055,0.98213
c88de7ab9e,2,1,169,8,0.96077,0.99153
c88de7ab9e,3,1,163,9,0.90647,0.97804
f1db6e8665,0,1,367,12,0.95152,0.99039
f1db6e8665,1,1,337,11,0.98101,0.99572
f1db6e8665,2,1,349,19,0.97909,0.99663
f1db6e8665,3,1,306,11,0.98896,0.99669
ff7a482507,0,1,442,18,0.66596,0.97084
ff7a482507,1,1,397,11,0.949,0.98691
ff7a482507,2,1,495,11,0.94171,0.9845
ff7a482507,3,1,275,13,0.05346,0.87108
edb3ed4fb3,0,1,252,6,0.97905,0.99044
edb3ed4fb3,1,1,194,6,0.22077,0.85074
edb3ed4fb3,2,1,196,7,0.94985,0.97981
edb3ed4fb3,3,1,153,6,0.91934,0.97087
abae23b3d6,0,1,164,8,0.2746,0.90201
abae23b3d6,1,1,160,6,0.9719,0.98489
abae23b3d6,2,1,182,8,0.35507,0.91217
abae23b3d6,3,1,174,6,0.97164,0.98548
8c015fc592,0,1,358,17,0.98187,0.99637
8c015fc592,1,1,314,9,0.98498,0.99538
8c015fc592,2,1,331,18,0.8314,0.98711
8c015fc592,3,1,348,14,0.99051,0.99742
d9f901a1c0,0,1,298,11,0.81593,0.97622
d9f901a1c0,1,1,268,10,0.39765,0.92651
d9f901a1c0,2,1,256,10,0.98697,0.99463
d9f901a1c0,3,1,215,9,0.39765,0.92435
4891414404,0,1,205,7,0.98322,0.9896
4891414404,1,1,209,7,0.97519,0.98773
4891414404,2,1,225,7,0.98602,0.9914
4891414404,3,1,237,7,0.97524,0.98905
34bcabae57,0,1,266,11,0.53475,0.95417
34bcabae57,1,1,265,9,0.49793,0.94128
34bcabae57,2,1,168,9,0.40335,0.93098
34bcabae57,3,1,317,12,0.97348,0.99376
0227176140,0,1,191,5,0.9527,0.98359
0227176140,1,1,166,4,0.90431,0.97146
0227176140,2,1,196,8,0.98217,0.99363
0227176140,3,1,159,6,0.92393,0.97815
7a72e82cd8,0,0,421,20,0.376,0.94796
7a72e82cd8,1,0,396,14,0.05658,0.88099
7a72e82cd8,2,0,402,14,0.05658,0.8826
7a72e82cd8,3,0,353,19,0.05428,0.88436
4da9716ec4,0,0,373,18,0.86833,0.98507
4da9716ec4,1,1,387,14,0.98013,0.99418
4da9716ec4,2,0,320,12,0.82994,0.97879
4da9716ec4,3,1,485,18,0.68749,0.97688
fa6b6c6a22,0,1,295,10,0.97708,0.99579
fa6b6c6a22,1,1,273,9,0.86348,0.97457
fa6b6c6a22,2,1,270,11,0.96231,0.99158
fa6b6c6a22,3,1,267,9,0.96479,0.99201
7a941c5652,0,1,332,10,0.90322,0.9788
7a941c5652,1,1,347,7,0.96307,0.98917
7a941c5652,2,1,328,10,0.93984,0.98657
7a941c5652,3,1,369,11,0.9543,0.99137
f0459d6fd7,0,1,266,10,0.98503,0.99345
f0459d6fd7,1,1,310,12,0.9845,0.99394
f0459d6fd7,2,1,280,13,0.97071,0.99209
f0459d6fd7,3,1,305,10,0.95467,0.98983
6360464ff0,0,1,230,6,0.97607,0.9876
6360464ff0,1,1,173,7,0.97356,0.98908
6360464ff0,2,1,200,7,0.9646,0.98737
6360464ff0,3,1,223,6,0.96896,0.98596
58351f6d4a,0,0,228,9,0.53428,0.93409
58351f6d4a,1,0,264,12,0.22748,0.91346
58351f6d4a,2,0,280,11,0.57917,0.93111
58351f6d4a,3,0,456,23,0.9651,0.99335
4115f6ff16,0,1,313,14,0.9828,0.99404
4115f6ff16,1,1,350,15,0.96986,0.99435
4115f6ff16,2,1,346,12,0.74612,0.96856
4115f6ff16,3,1,306,16,0.98497,0.99369
99c653900d,0,1,284,11,0.9855,0.99441
99c653900d,1,0,256,7,0.98738,0.99402
99c653900d,2,1,280,9,0.98129,0.99359
99c653900d,3,1,277,9,0.97281,0.99132
6282169481,0,1,275,8,0.28647,0.90239
6282169481,1,1,244,7,0.17411,0.86836
6282169481,2,1,237,8,0.15493,0.88479
6282169481,3,1,287,10,0.45593,0.93567
55e1951990,0,0,400,18,0.06325,0.90887
55e1951990,1,0,402,18,0.85203,0.98203
55e1951990,2,0,481,17,0.3413,0.95018
55e1951990,3,0,404,16,0.98074,0.99451
d23e76cdcc,0,1,194,7,0.1937,0.78988
d23e76cdcc,1,1,243,7,0.98135,0.99186
d23e76cdcc,2,1,244,10,0.97823,0.99452
d23e76cdcc,3,1,188,6,0.88426,0.97337
686c67ea2c,0,1,224,7,0.89073,0.97829
686c67ea2c,1,1,228,11,0.914,0.9868
686c67ea2c,2,1,246,8,0.94404,0.98224
686c67ea2c,3,1,222,8,0.96832,0.9883
49a79463e2,0,1,386,20,0.92638,0.98774
49a79463e2,1,1,463,12,0.93705,0.98917
49a79463e2,2,1,441,12,0.96101,0.98825
49a79463e2,3,1,422,11,0.91744,0.98105
bcaeec4f61,0,1,420,19,0.62898,0.97212
bcaeec4f61,1,1,408,19,0.95143,0.99179
bcaeec4f61,2,0,345,16,0.5068,0.91673
bcaeec4f61,3,1,425,16,0.2514,0.94698
067a97109a,0,0,202,8,0.97598,0.99344
067a97109a,1,0,180,7,0.96152,0.98547
067a97109a,2,0,257,9,0.94889,0.98708
067a97109a,3,0,257,8,0.96666,0.98877
13af77aba9,0,0,413,14,0.04863,0.85807
13af77aba9,1,0,512,15,0.06726,0.87718
13af77aba9,2,0,512,23,0.05009,0.8351
13af77aba9,3,0,478,12,0.29933,0.92208
ce87f5d953,0,1,446,18,0.9811,0.99414
ce87f5d953,1,1,400,13,0.33703,0.91273
ce87f5d953,2,1,425,11,0.87239,0.97805
ce87f5d953,3,1,325,8,0.64477,0.94479
cd0ef5576a,0,1,429,17,0.89473,0.98325
cd0ef5576a,1,0,512,18,0.98062,0.99491
cd0ef5576a,2,1,512,12,0.98141,0.9946
cd0ef5576a,3,1,440,16,0.15446,0.91952
c0b83e044c,0,0,218,8,0.94322,0.98654
c0b83e044c,1,0,172,8,0.98764,0.99526
c0b83e044c,2,0,297,9,0.98417,0.98945
c0b83e044c,3,0,326,13,0.98789,0.9954
d40f42ddf6,0,0,512,18,0.1094,0.94459
d40f42ddf6,1,0,320,14,0.10569,0.89924
d40f42ddf6,2,0,512,14,0.21198,0.88935
d40f42ddf6,3,0,448,16,0.02973,0.79392
958483bde2,0,1,228,11,0.95367,0.99177
958483bde2,1,1,233,11,0.9542,0.99211
958483bde2,2,1,227,13,0.902,0.98732
958483bde2,3,1,303,11,0.97377,0.99329
802783ca14,0,1,179,7,0.98868,0.99528
802783ca14,1,1,143,6,0.96664,0.98965
802783ca14,2,1,153,7,0.96863,0.99005
802783ca14,3,1,158,5,0.80941,0.93517
f26ada8cc5,0,1,242,7,0.9775,0.99265
f26ada8cc5,1,1,274,7,0.97949,0.99423
f26ada8cc5,2,1,254,7,0.9733,0.99061
f26ada8cc5,3,1,216,8,0.88528,0.98262
6397bf57a7,0,1,273,15,0.97484,0.99442
6397bf57a7,1,1,333,15,0.83369,0.98451
6397bf57a7,2,1,280,15,0.63227,0.96819
6397bf57a7,3,1,342,15,0.75355,0.97592
bf0094284e,0,0,492,16,0.29342,0.93997
bf0094284e,1,0,431,13,0.02727,0.91308
bf0094284e,2,0,512,16,0.45776,0.94954
bf0094284e,3,0,421,11,0.38582,0.92434
19dd46a066,0,1,366,12,0.99007,0.99745
19dd46a066,1,0,301,12,0.87355,0.98395
19dd46a066,2,1,337,14,0.9843,0.99722
19dd46a066,3,1,395,14,0.99475,0.99846
727362fa33,0,1,238,8,0.9723,0.99194
727362fa33,1,0,459,10,0.80517,0.96964
727362fa33,2,0,389,18,0.09617,0.7792
727362fa33,3,1,332,10,0.97967,0.99522
4baf18694c,0,1,320,17,0.96172,0.99164
4baf18694c,1,1,366,19,0.96406,0.99067
4baf18694c,2,1,285,13,0.96416,0.98875
4baf18694c,3,0,292,14,0.95212,0.98972
153b628773,0,1,247,9,0.9336,0.98978
153b628773,1,1,250,10,0.87428,0.98302
153b628773,2,1,206,10,0.1155,0.89491
153b628773,3,1,196,9,0.02855,0.85023
6d49fd3e4b,0,1,415,19,0.98273,0.99566
6d49fd3e4b,1,1,360,13,0.81941,0.97695
6d49fd3e4b,2,1,410,18,0.98841,0.99529
6d49fd3e4b,3,1,239,12,0.98677,0.9944
ff29d88480,0,1,132,5,0.98272,0.99342
ff29d88480,1,1,123,7,0.97346,0.98882
ff29d88480,2,1,233,10,0.91695,0.98499
ff29d88480,3,1,260,10,0.98841,0.99615
7bd438c7f3,0,1,323,10,0.95022,0.98914
7bd438c7f3,1,1,259,14,0.98571,0.9964
7bd438c7f3,2,1,215,9,0.72604,0.96502
7bd438c7f3,3,1,282,10,0.52713,0.93922
29e9d859d2,0,1,275,6,0.9636,0.98871
29e9d859d2,1,1,325,5,0.97635,0.98651
29e9d859d2,2,1,282,6,0.98335,0.99212
29e9d859d2,3,1,240,6,0.9413,0.98011
d0b6d688ce,0,1,272,15,0.9197,0.99164
d0b6d688ce,1,1,250,15,0.98252,0.99684
d0b6d688ce,2,1,291,8,0.97689,0.99399
d0b6d688ce,3,1,286,12,0.97165,0.99322
43881877f9,0,1,350,10,0.95769,0.98948
43881877f9,1,1,235,9,0.08227,0.85182
43881877f9,2,1,342,14,0.91571,0.98475
43881877f9,3,1,239,7,0.90094,0.97924
a030751506,0,1,301,11,0.98481,0.99366
a030751506,1,0,355,12,0.76259,0.97129
a030751506,2,1,250,9,0.71128,0.94802
a030751506,3,0,324,12,0.97017,0.9933
719d9ab214,0,1,287,11,0.76471,0.95527
719d9ab214,1,1,349,18,0.95512,0.98997
719d9ab214,2,1,266,11,0.95923,0.98817
719d9ab214,3,1,270,18,0.94442,0.98935
8df469f165,0,1,341,14,0.93662,0.99062
8df469f165,1,1,375,12,0.96362,0.99313
8df469f165,2,1,332,15,0.98715,0.99539
8df469f165,3,1,314,12,0.97201,0.99075
315ae0ca4e,0,1,319,9,0.31397,0.9164
315ae0ca4e,1,1,259,5,0.96773,0.98778
315ae0ca4e,2,1,219,7,0.79623,0.96607
315ae0ca4e,3,1,244,7,0.97526,0.99268
58e6ca5485,0,1,389,10,0.56161,0.92831
58e6ca5485,1,1,402,15,0.7689,0.98056
58e6ca5485,2,1,485,12,0.91324,0.98698
58e6ca5485,3,1,435,13,0.65238,0.96632
27bfdc2f7c,0,1,303,7,0.96266,0.98827
27bfdc2f7c,1,1,330,7,0.81342,0.96015
27bfdc2f7c,2,1,256,11,0.85137,0.97545
27bfdc2f7c,3,1,333,9,0.95097,0.98463
404e1413fc,0,1,213,12,0.53499,0.95615
404e1413fc,1,1,227,14,0.96587,0.99518
404e1413fc,2,1,216,12,0.58227,0.96075
404e1413fc,3,1,210,10,0.95642,0.99226
9d77dda84e,0,1,209,9,0.98746,0.99649
9d77dda84e,1,1,222,6,0.97433,0.99243
9d77dda84e,2,1,191,7,0.97953,0.99258
9d77dda84e,3,1,275,9,0.9828,0.99509
2aec842201,0,1,245,9,0.95661,0.98735
2aec842201,1,1,260,12,0.72897,0.96058
2aec842201,2,1,251,10,0.97005,0.99254
2aec842201,3,1,227,9,0.89938,0.97535
04bc2c7444,0,1,266,10,0.88626,0.98117
04bc2c7444,1,1,240,8,0.0206,0.74198
04bc2c7444,2,1,268,8,0.11576,0.86161
04bc2c7444,3,1,226,8,0.85048,0.96763
74c6e4b9d5,0,1,272,13,0.07284,0.86863
74c6e4b9d5,1,1,463,18,0.9666,0.99142
74c6e4b9d5,2,1,346,14,0.03662,0.87311
74c6e4b9d5,3,1,323,12,0.09097,0.89999
c6af2c903e,0,0,512,16,0.98444,0.99429
c6af2c903e,1,1,512,18,0.63067,0.96749
c6af2c903e,2,0,512,14,0.65466,0.96492
c6af2c903e,3,0,512,16,0.98527,0.99433
5894f503d7,0,1,215,5,0.97373,0.98688
5894f503d7,1,1,283,5,0.98381,0.99148
5894f503d7,2,1,143,3,0.04975,0.65485
5894f503d7,3,1,198,8,0.98953,0.99451
0f17c9d4d6,0,1,382,14,0.985,0.99494
0f17c9d4d6,1,1,512,17,0.8008,0.9745
0f17c9d4d6,2,1,346,16,0.98259,0.99434
0f17c9d4d6,3,0,512,16,0.83317,0.98391
f18d55fcf1,0,1,238,11,0.77566,0.97242
f18d55fcf1,1,0,308,12,0.00792,0.82898
f18d55fcf1,2,0,420,13,0.05404,0.90367
f18d55fcf1,3,0,452,14,0.00222,0.84513
7017227e9c,0,1,253,7,0.26247,0.86995
7017227e9c,1,1,287,11,0.43969,0.93646
7017227e9c,2,1,327,13,0.02259,0.915
7017227e9c,3,1,241,11,0.78102,0.96477
4d58bf747d,0,1,376,12,0.96547,0.99038
4d58bf747d,1,0,377,10,0.01755,0.78493
4d58bf747d,2,1,299,8,0.96276,0.98268
4d58bf747d,3,1,244,9,0.96533,0.9886
08b959a37f,0,1,174,6,0.91622,0.98143
08b959a37f,1,1,215,6,0.9848,0.99056
08b959a37f,2,1,204,9,0.98014,0.99415
08b959a37f,3,1,138,8,0.62127,0.94914
a906c664bb,0,1,218,5,0.97445,0.98314
a906c664bb,1,1,198,6,0.77105,0.93697
a906c664bb,2,1,190,5,0.96531,0.98228
a906c664bb,3,1,190,6,0.35073,0.87511
b476c01e6e,0,0,512,20,0.2178,0.9174
b476c01e6e,1,1,277,12,0.43011,0.93807
b476c01e6e,2,1,394,13,0.90473,0.98602
b476c01e6e,3,1,354,14,0.1981,0.90917
d0006e7cb1,0,0,355,13,0.88944,0.9854
d0006e7cb1,1,1,313,13,0.63551,0.95635
d0006e7cb1,2,1,292,12,0.98834,0.9946
d0006e7cb1,3,1,382,15,0.97602,0.99526
2fc8bafb0c,0,1,185,9,0.21014,0.9062
2fc8bafb0c,1,1,154,6,0.86236,0.97269
2fc8bafb0c,2,1,179,7,0.40769,0.90669
2fc8bafb0c,3,1,187,10,0.86906,0.98036
d450d94e73,0,0,244,10,0.97672,0.99229
d450d94e73,1,1,242,9,0.97864,0.99246
d450d94e73,2,0,208,10,0.96824,0.99059
d450d94e73,3,0,217,9,0.89817,0.98409
a59a59f041,0,1,186,6,0.9636,0.98865
a59a59f041,1,1,188,9,0.78885,0.95183
a59a59f041,2,1,206,9,0.84663,0.97681
a59a59f041,3,1,193,8,0.97222,0.99204
05e339d26e,0,0,288,7,0.01433,0.69936
05e339d26e,1,1,169,9,0.41652,0.92385
05e339d26e,2,1,276,12,0.87591,0.98389
05e339d26e,3,1,140,7,0.90113,0.97332
001e2190dc,0,1,329,8,0.92575,0.9804
001e2190dc,1,0,318,10,0.47357,0.93731
001e2190dc,2,1,405,11,0.91705,0.98751
001e2190dc,3,1,367,9,0.9216,0.98022
2648f668c0,0,1,321,9,0.25317,0.90319
2648f668c0,1,1,414,13,0.07226,0.91832
2648f668c0,2,1,426,8,0.95678,0.9819
2648f668c0,3,1,339,10,0.80278,0.9667
55b8e42ff4,0,1,180,6,0.96672,0.99031
55b8e42ff4,1,1,163,6,0.96344,0.99058
55b8e42ff4,2,1,186,5,0.93126,0.98088
55b8e42ff4,3,1,202,9,0.16129,0.89626
6f7ea99556,0,1,295,14,0.95828,0.99017
6f7ea99556,1,1,314,9,0.19942,0.87496
6f7ea99556,2,1,366,15,0.96842,0.99309
6f7ea99556,3,1,280,10,0.92316,0.97687
f0d59e71f0,0,1,161,7,0.98789,0.99443
f0d59e71f0,1,1,213,7,0.98633,0.99352
f0d59e71f0,2,1,230,9,0.98299,0.99316
f0d59e71f0,3,1,165,8,0.84733,0.97752
55f2cb4338,0,1,354,12,0.47475,0.91424
55f2cb4338,1,0,318,12,0.9834,0.99606
55f2cb4338,2,0,370,14,0.69212,0.94345
55f2cb4338,3,0,311,13,0.95611,0.99288
386d5ebe2f,0,1,310,21,0.96556,0.99412
386d5ebe2f,1,1,283,11,0.12703,0.91143
386d5ebe2f,2,1,231,15,0.96341,0.99564
386d5ebe2f,3,1,340,14,0.97094,0.9926
c22024a177,0,0,439,19,0.42851,0.94117
c22024a177,1,0,289,11,0.38683,0.91657
c22024a177,2,0,315,10,0.65907,0.94764
c22024a177,3,0,273,10,0.93441,0.98004
b3cf5970b2,0,1,332,12,0.87149,0.98223
b3cf5970b2,1,1,391,17,0.97061,0.9951
b3cf5970b2,2,0,347,15,0.98249,0.99558
b3cf5970b2,3,1,413,14,0.21092,0.88852
5c84fc3a60,0,1,289,12,0.98141,0.99537
5c84fc3a60,1,1,303,12,0.98657,0.99524
5c84fc3a60,2,1,363,8,0.98549,0.99338
5c84fc3a60,3,1,384,11,0.96301,0.99056
35819741e2,0,1,207,4,0.95554,0.97773
35819741e2,1,1,198,6,0.97704,0.99025
35819741e2,2,1,312,6,0.96572,0.98781
35819741e2,3,1,181,5,0.95554,0.97811
80aca3ab08,0,1,367,15,0.85006,0.97801
80aca3ab08,1,0,363,13,0.81362,0.98084
80aca3ab08,2,1,322,9,0.90106,0.97992
80aca3ab08,3,1,311,11,0.94182,0.98553
bb15962871,0,0,324,14,0.196,0.93924
bb15962871,1,1,348,17,0.80535,0.98621
bb15962871,2,1,379,18,0.98286,0.99684
bb15962871,3,1,376,14,0.02625,0.90371
dbfdc8de96,0,1,230,13,0.96433,0.99244
dbfdc8de96,1,1,404,19,0.96005,0.99323
dbfdc8de96,2,1,286,14,0.05298,0.88855
dbfdc8de96,3,1,358,14,0.93159,0.9906
f5deed6b0d,0,1,287,13,0.81565,0.97381
f5deed6b0d,1,1,289,12,0.91193,0.98727
f5deed6b0d,2,1,298,16,0.95082,0.98835
f5deed6b0d,3,1,272,7,0.18426,0.8652
5a65b55981,0,1,347,18,0.97289,0.99634
5a65b55981,1,1,263,7,0.96141,0.98805
5a65b55981,2,1,303,8,0.95004,0.98791
5a65b55981,3,1,383,12,0.9744,0.99209
b91e6ca8e8,0,0,439,13,0.17664,0.88753
b91e6ca8e8,1,0,512,20,0.03761,0.89205
b91e6ca8e8,2,0,451,17,0.92991,0.97907
b91e6ca8e8,3,0,437,16,0.02209,0.86781
9dd0431e96,0,1,231,8,0.92746,0.98372
9dd0431e96,1,1,237,9,0.92505,0.986
9dd0431e96,2,1,191,6,0.78951,0.95117
9dd0431e96,3,1,243,8,0.92755,0.97799
b8bf5ec3b1,0,1,293,14,0.93315,0.99061
b8bf5ec3b1,1,1,289,13,0.98555,0.99625
b8bf5ec3b1,2,1,253,11,0.9792,0.99416
b8bf5ec3b1,3,1,266,12,0.9712,0.99354
3b3aad814c,0,1,199,8,0.9891,0.99499
3b3aad814c,1,1,171,5,0.96792,0.98848
3b3aad814c,2,1,176,8,0.9849,0.99316
3b3aad814c,3,1,187,8,0.96245,0.99058
beff955d23,0,1,471,15,0.77287,0.97204
beff955d23,1,1,314,9,0.98172,0.99124
beff955d23,2,1,342,11,0.96898,0.99374
beff955d23,3,1,495,11,0.95584,0.98716
cd55c3d900,0,1,406,19,0.98574,0.99642
cd55c3d900,1,1,301,11,0.98262,0.99313
cd55c3d900,2,0,377,15,0.00958,0.8685
cd55c3d900,3,1,290,13,0.98232,0.99508
ab41dfff30,0,1,250,8,0.96543,0.99229
ab41dfff30,1,1,257,11,0.98067,0.99548
ab41dfff30,2,1,290,10,0.97574,0.99378
ab41dfff30,3,1,251,8,0.98062,0.99442
eee033355f,0,1,188,7,0.98973,0.99692
eee033355f,1,1,293,11,0.97094,0.99169
eee033355f,2,1,240,8,0.96432,0.98987
eee033355f,3,1,236,9,0.98013,0.99313
533d31d1ac,0,1,170,8,0.92625,0.98451
533d31d1ac,1,1,231,9,0.8842,0.98364
533d31d1ac,2,1,178,7,0.03135,0.84364
533d31d1ac,3,1,188,9,0.965,0.9927
72b638d89e,0,1,238,7,0.98006,0.99068
72b638d89e,1,1,191,5,0.87143,0.96521
72b638d89e,2,1,233,7,0.94316,0.98471
72b638d89e,3,1,226,7,0.91298,0.97683
0481b3beea,0,1,275,11,0.98739,0.99634
0481b3beea,1,1,242,8,0.99007,0.99581
0481b3beea,2,1,240,13,0.98569,0.99673
0481b3beea,3,1,246,13,0.98409,0.99548
280977ce54,0,0,225,5,0.58807,0.8714
280977ce54,1,1,217,6,0.80765,0.94454
280977ce54,2,1,186,4,0.96588,0.9851
280977ce54,3,0,283,6,0.56514,0.87855
3182276ffa,0,0,429,16,0.00888,0.85044
3182276ffa,1,1,413,16,0.05257,0.92849
3182276ffa,2,1,450,13,0.04733,0.86967
3182276ffa,3,0,381,10,0.03327,0.80259
570c937186,0,0,298,16,0.04628,0.88869
570c937186,1,1,327,13,0.85419,0.97853
570c937186,2,0,415,12,0.89098,0.97924
570c937186,3,0,273,12,0.07879,0.73377
43d7ddc7db,0,1,311,10,0.00704,0.82222
43d7ddc7db,1,1,328,15,0.61338,0.95192
43d7ddc7db,2,1,288,7,0.01497,0.81103
43d7ddc7db,3,1,373,10,0.01329,0.83584
795404e937,0,1,312,6,0.98488,0.99344
795404e937,1,1,339,14,0.97203,0.99377
795404e937,2,1,302,9,0.98888,0.99599
795404e937,3,1,307,9,0.98767,0.99554
9ce17f3a90,0,1,282,9,0.98458,0.9933
9ce17f3a90,1,1,376,11,0.98287,0.99555
9ce17f3a90,2,1,350,11,0.96363,0.9911
9ce17f3a90,3,1,377,21,0.98502,0.99697
089e836f4a,0,1,147,6,0.9829,0.99475
089e836f4a,1,1,151,6,0.95442,0.98772
089e836f4a,2,1,150,6,0.99163,0.99702
089e836f4a,3,1,141,6,0.90295,0.97915
2a865d2621,0,1,222,4,0.93045,0.97246
2a865d2621,1,1,190,5,0.36151,0.85908
2a865d2621,2,1,223,5,0.92891,0.96989
2a865d2621,3,1,197,8,0.8299,0.97036
e55bc289f7,0,1,200,6,0.97016,0.98958
e55bc289f7,1,1,308,12,0.97524,0.99471
e55bc289f7,2,1,170,8,0.98213,0.99517
e55bc289f7,3,1,232,6,0.98041,0.99372
129bf497af,0,1,245,7,0.11141,0.85453
129bf497af,1,1,283,12,0.10726,0.86341
129bf497af,2,1,280,10,0.25139,0.90449
129bf497af,3,1,294,8,0.26096,0.8893
390e8bd1fe,0,1,211,8,0.91927,0.98583
390e8bd1fe,1,0,255,8,0.16218,0.85611
390e8bd1fe,2,1,218,7,0.97171,0.9916
390e8bd1fe,3,0,301,10,0.25853,0.8924
6b1fa379d6,0,0,512,15,0.08191,0.86448
6b1fa379d6,1,0,346,9,0.01605,0.73543
6b1fa379d6,2,0,239,9,0.17432,0.89297
6b1fa379d6,3,0,512,22,0.17432,0.94039
e6c6e35883,0,1,150,6,0.98906,0.99469
e6c6e35883,1,1,164,10,0.98166,0.99502
e6c6e35883,2,1,124,7,0.98666,0.99507
e6c6e35883,3,1,121,6,0.99139,0.99725
3a6497d7aa,0,1,300,14,0.92162,0.99055
3a6497d7aa,1,1,222,7,0.9615,0.99064
3a6497d7aa,2,1,279,7,0.94927,0.98361
3a6497d7aa,3,1,302,8,0.95561,0.98825
d325777014,0,1,344,10,0.97948,0.99378
d325777014,1,1,304,9,0.89965,0.98351
d325777014,2,1,327,8,0.98195,0.99273
d325777014,3,1,338,9,0.98473,0.9955
9c2b7ab9cb,0,1,328,10,0.97722,0.99299
9c2b7ab9cb,1,1,233,10,0.70828,0.96381
9c2b7ab9cb,2,1,257,11,0.89168,0.98113
9c2b7ab9cb,3,0,203,9,0.45899,0.91982
8c51e2c375,0,1,259,7,0.53461,0.91258
8c51e2c375,1,0,295,17,0.57525,0.93282
8c51e2c375,2,1,265,16,0.9671,0.98993
8c51e2c375,3,1,273,10,0.97322,0.99091
0e74521f90,0,1,386,14,0.95819,0.9919
0e74521f90,1,0,407,12,0.80533,0.96739
0e74521f90,2,1,344,14,0.96645,0.99065
0e74521f90,3,0,352,14,0.01235,0.85089
b04e028bd2,0,1,269,9,0.97846,0.99274
b04e028bd2,1,1,289,8,0.97838,0.99358
b04e028bd2,2,1,266,8,0.72572,0.9558
b04e028bd2,3,1,251,9,0.94182,0.98852
8e8c8a1b7e,0,1,283,11,0.64927,0.9632
8e8c8a1b7e,1,1,324,13,0.17465,0.93038
8e8c8a1b7e,2,1,354,13,0.15665,0.93136
8e8c8a1b7e,3,1,305,12,0.87168,0.97919
731b149113,0,1,238,9,0.96559,0.9875
731b149113,1,1,270,11,0.89999,0.98125
731b149113,2,1,265,10,0.95175,0.98513
731b149113,3,1,253,7,0.96976,0.98432
b2c145be62,0,1,309,11,0.98535,0.99497
b2c145be62,1,1,359,9,0.98335,0.99311
b2c145be62,2,1,420,16,0.97604,0.99407
b2c145be62,3,1,376,14,0.9761,0.99411
3259a66bf3,0,1,242,16,0.89452,0.98303
3259a66bf3,1,1,236,17,0.96195,0.98997
3259a66bf3,2,1,192,9,0.21373,0.89009
3259a66bf3,3,1,199,11,0.97177,0.99095
6728a135e9,0,1,147,6,0.46895,0.90109
6728a135e9,1,1,189,8,0.52618,0.93283
6728a135e9,2,1,147,7,0.59458,0.93554
6728a135e9,3,1,214,8,0.95825,0.99176
8b88a68237,0,0,483,13,0.00328,0.79128
8b88a68237,1,0,512,16,0.12659,0.83731
8b88a68237,2,0,423,18,0.60427,0.9265
8b88a68237,3,1,415,19,0.95693,0.994
