chain_id,sample_idx,correct,output_tokens,n_steps,v0_synthetic_cpu_min,v0_synthetic_cpu_mean,v1_synthetic_top8_min,v1_synthetic_top8_mean,v1_real4_top8_min,v1_real4_top8_mean,v2_synthetic_seed0_min,v2_synthetic_seed0_mean,v2_synthetic_seed1_min,v2_synthetic_seed1_mean,v2_synthetic_seed2_min,v2_synthetic_seed2_mean,v2_real8_seed0_min,v2_real8_seed0_mean,v2_real8_seed1_min,v2_real8_seed1_mean,v2_real8_seed2_min,v2_real8_seed2_mean
1c1e69cc61,0,1,121,5,0.57559,0.90931,0.95854,0.97441,0.87997,0.92548,0.77184,0.94733,0.73716,0.94033,0.82894,0.94534,0.53461,0.7794,0.88404,0.91784,0.82894,0.91095
1c1e69cc61,1,1,122,5,0.03514,0.80471,0.05501,0.77814,0.90053,0.93671,0.9149,0.97604,0.91118,0.97529,0.32939,0.85127,0.80317,0.8858,0.88876,0.93852,0.93245,0.95847
1c1e69cc61,2,1,119,5,0.0827,0.80385,0.35847,0.84117,0.84286,0.94083,0.76065,0.92273,0.88876,0.95426,0.53583,0.84687,0.77999,0.9166,0.66628,0.85421,0.90731,0.95015
1c1e69cc61,3,1,115,5,0.20947,0.83714,0.42298,0.7977,0.79693,0.91654,0.24364,0.82274,0.31743,0.82059,0.5665,0.83242,0.78531,0.89997,0.84078,0.91302,0.85681,0.9151
bfbdad0201,0,0,97,3,0.02518,0.6725,0.16132,0.71183,0.79311,0.88346,0.03568,0.65555,0.44047,0.76812,0.62977,0.85462,0.9149,0.96479,0.91848,0.95583,0.66017,0.8582
bfbdad0201,1,0,96,5,0.11437,0.7932,0.22542,0.83478,0.56698,0.84702,0.10521,0.79491,0.31153,0.83149,0.02333,0.75419,0.70416,0.92452,0.23793,0.80944,0.3372,0.84041
bfbdad0201,2,1,81,3,0.94815,0.96731,0.89912,0.94764,0.69843,0.79424,0.95186,0.96456,0.91848,0.95083,0.9149,0.95337,0.90862,0.94567,0.91964,0.94301,0.81989,0.89807
bfbdad0201,3,0,106,3,0.24077,0.73844,0.35667,0.77557,0.68173,0.81907,0.06009,0.64427,0.74317,0.8754,0.29829,0.71082,0.89912,0.9486,0.30322,0.71168,0.59314,0.8227
2e5531d43a,0,0,102,7,0.85391,0.97013,0.8606,0.96907,0.71701,0.90143,0.84078,0.96373,0.53898,0.90471,0.84897,0.95108,0.67833,0.86534,0.68173,0.87824,0.70416,0.887
2e5531d43a,1,0,72,3,0.86431,0.91359,0.85096,0.91216,0.76629,0.88068,0.89479,0.93724,0.80317,0.86025,0.81523,0.89801,0.61277,0.78204,0.81168,0.84139,0.79182,0.81573
2e5531d43a,2,0,105,6,0.90465,0.97323,0.8977,0.96083,0.73412,0.89828,0.66017,0.91184,0.76908,0.93187,0.86704,0.9534,0.75636,0.89539,0.69513,0.8819,0.62429,0.84523
2e5531d43a,3,0,75,3,0.90465,0.93926,0.85585,0.92984,0.75923,0.86661,0.8977,0.93836,0.80807,0.86241,0.81168,0.89656,0.25833,0.63486,0.78793,0.83707,0.53243,0.70179
6cabdee3e7,0,1,76,3,0.98201,0.99356,0.97443,0.99068,0.79693,0.8971,0.95728,0.98527,0.90599,0.96537,0.86971,0.95438,0.92736,0.94418,0.57559,0.84423,0.9466,0.96964
6cabdee3e7,1,1,88,4,0.99029,0.99573,0.99087,0.99398,0.91611,0.94404,0.98309,0.99318,0.95976,0.97947,0.95397,0.9764,0.92079,0.94909,0.95114,0.96567,0.96095,0.97325
6cabdee3e7,2,1,94,4,0.98594,0.9932,0.9855,0.9907,0.83973,0.90752,0.97364,0.98768,0.90731,0.95405,0.92841,0.96673,0.85391,0.89792,0.52171,0.82461,0.84078,0.92195
6cabdee3e7,3,1,107,4,0.99409,0.99627,0.99218,0.9945,0.8808,0.94003,0.98409,0.99147,0.96432,0.984,0.97558,0.98548,0.88876,0.94677,0.96432,0.96792,0.95854,0.97638
bdd7e13b72,0,1,124,5,0.9855,0.99423,0.9836,0.99065,0.97024,0.98768,0.9752,0.98727,0.95791,0.98584,0.97241,0.98273,0.95976,0.98459,0.96153,0.97527,0.97737,0.98968
bdd7e13b72,1,1,113,4,0.97967,0.9877,0.9466,0.96206,0.75636,0.92318,0.07159,0.72825,0.9173,0.94537,0.91964,0.95095,0.95791,0.98253,0.94738,0.97263,0.95328,0.97034
bdd7e13b72,2,1,131,5,0.8872,0.97114,0.77999,0.91673,0.72096,0.9181,0.04468,0.7687,0.73412,0.91439,0.75491,0.9024,0.66888,0.90522,0.41348,0.83792,0.69181,0.91491
bdd7e13b72,3,1,100,4,0.98831,0.99177,0.89181,0.9535,0.8439,0.93675,0.08632,0.65083,0.94418,0.9632,0.93629,0.94862,0.96538,0.98061,0.61231,0.88306,0.92079,0.95249
d1958928ab,0,1,63,3,0.99218,0.99542,0.96153,0.9842,0.96486,0.97602,0.97631,0.99026,0.93629,0.97661,0.94165,0.96777,0.94079,0.97326,0.97737,0.98636,0.9659,0.98336
d1958928ab,1,1,64,3,0.99218,0.99559,0.96741,0.98625,0.96267,0.97574,0.97631,0.99038,0.93902,0.97747,0.94418,0.96899,0.94418,0.97436,0.97595,0.98571,0.96691,0.98384
d1958928ab,2,1,63,3,0.99242,0.99544,0.96378,0.98503,0.96267,0.97529,0.97558,0.99007,0.93721,0.97679,0.94499,0.96814,0.93902,0.97256,0.97702,0.98589,0.96641,0.98258
d1958928ab,3,1,63,3,0.99218,0.99542,0.96153,0.9842,0.96486,0.97602,0.97631,0.99026,0.93629,0.97661,0.94165,0.96777,0.94079,0.97326,0.97737,0.98636,0.9659,0.98336
50542306fc,0,1,108,3,0.96838,0.98076,0.8439,0.92842,0.9149,0.94521,0.93146,0.96313,0.87663,0.94086,0.83762,0.92224,0.80563,0.91676,0.73412,0.87741,0.89625,0.9463
50542306fc,1,0,127,4,0.30819,0.80069,0.23231,0.72072,0.37571,0.72783,0.26588,0.68321,0.4383,0.79713,0.05185,0.58213,0.51684,0.80505,0.71701,0.86338,0.86704,0.94151
50542306fc,2,0,135,4,0.92944,0.96909,0.60066,0.83825,0.36207,0.76084,0.23793,0.70799,0.87831,0.93664,0.36932,0.7132,0.68847,0.82975,0.85195,0.91461,0.80928,0.91585
50542306fc,3,1,79,2,0.39607,0.67053,0.9149,0.93338,0.91368,0.9313,0.72253,0.83755,0.88563,0.91364,0.19931,0.47783,0.79182,0.87148,0.6628,0.77097,0.9263,0.94477
a9df7adfe5,0,1,180,6,0.85294,0.94354,0.94815,0.98378,0.72875,0.92803,0.93721,0.97645,0.93991,0.96723,0.91244,0.94553,0.56602,0.73478,0.64691,0.88225,0.70253,0.81861
a9df7adfe5,1,0,99,4,0.13661,0.73441,0.19931,0.75828,0.1192,0.66991,0.06371,0.70137,0.20434,0.75779,0.21207,0.66901,0.08632,0.46455,0.21734,0.67479,0.2934,0.70456
a9df7adfe5,2,1,171,6,0.20947,0.84087,0.77322,0.95251,0.49213,0.87955,0.68511,0.93109,0.54746,0.899,0.90862,0.95155,0.5011,0.75471,0.70579,0.86416,0.63341,0.81462
a9df7adfe5,3,1,137,,,,,,,,,,,,,,,,,,,
fc17d92598,0,1,130,6,0.9466,0.98766,0.99029,0.99607,0.93629,0.97823,0.94335,0.98472,0.97199,0.98729,0.9466,0.98277,0.9466,0.97228,0.93721,0.96065,0.86154,0.93908
fc17d92598,1,1,120,6,0.13029,0.84675,0.91964,0.97981,0.26284,0.84766,0.32595,0.8782,0.09401,0.8295,0.09401,0.82867,0.67662,0.90491,0.20689,0.79317,0.43638,0.87394
fc17d92598,2,1,92,3,0.82559,0.93813,0.79819,0.91603,0.69098,0.86773,0.76348,0.89674,0.46272,0.79514,0.74614,0.87857,0.85777,0.88605,0.63159,0.75828,0.85294,0.87583
fc17d92598,3,0,124,7,0.99539,0.99658,0.91118,0.98256,0.90329,0.96996,0.95854,0.99139,0.9263,0.97353,0.68173,0.92618,0.84286,0.94309,0.91118,0.95875,0.80317,0.92274
0183f714f9,0,1,89,3,0.93535,0.9732,0.95728,0.97898,0.86339,0.93353,0.9458,0.96883,0.77594,0.90428,0.77046,0.90233,0.95854,0.97071,0.93146,0.95798,0.97998,0.98462
0183f714f9,1,1,100,3,0.93902,0.97362,0.92192,0.96075,0.85096,0.92688,0.93629,0.97132,0.79566,0.91061,0.77594,0.89797,0.95854,0.96977,0.9149,0.94989,0.97283,0.98234
0183f714f9,2,1,94,4,0.97871,0.98812,0.96095,0.97793,0.87997,0.93995,0.89479,0.96315,0.90991,0.94704,0.88563,0.94653,0.9752,0.98304,0.85096,0.93726,0.8977,0.9656
0183f714f9,3,1,76,3,0.30157,0.75964,0.06098,0.68128,0.95397,0.95997,0.87831,0.95143,0.65313,0.86709,0.46612,0.81154,0.96095,0.96927,0.83224,0.91389,0.88563,0.95156
d44782da8a,0,1,71,3,0.51769,0.82698,0.04814,0.67048,0.00555,0.63637,0.30902,0.75621,0.40875,0.79671,0.1023,0.64237,0.81287,0.90432,0.20434,0.72116,0.04743,0.65625
d44782da8a,1,1,84,2,0.77322,0.86325,0.8706,0.90002,0.45544,0.69586,0.58936,0.77486,0.84078,0.90116,0.85681,0.87725,0.85195,0.87554,0.88404,0.91532,0.90329,0.92534
d44782da8a,2,1,81,3,0.95041,0.96124,0.92192,0.94631,0.9263,0.95421,0.94499,0.9498,0.87579,0.92933,0.88876,0.9435,0.91964,0.95472,0.93046,0.95526,0.9458,0.96733
d44782da8a,3,1,96,3,0.95186,0.97297,0.90991,0.95405,0.93991,0.96283,0.93343,0.9556,0.91611,0.94147,0.85681,0.93031,0.8808,0.91285,0.9466,0.9552,0.95532,0.96254
39b6d387f6,0,1,108,3,0.05185,0.66005,0.83973,0.89688,0.63613,0.77317,0.30157,0.67819,0.90053,0.93595,0.90465,0.93611,0.47463,0.63608,0.69925,0.79198,0.55977,0.73111
39b6d387f6,1,1,128,4,0.75055,0.91572,0.90192,0.93875,0.49964,0.81277,0.63793,0.84676,0.84696,0.91304,0.47975,0.80025,0.80563,0.87761,0.3675,0.65071,0.64512,0.84022
39b6d387f6,2,0,98,3,0.96432,0.97619,0.6593,0.85239,0.70579,0.84361,0.65224,0.81849,0.84797,0.85936,0.6174,0.72421,0.63341,0.75764,0.76908,0.86042,0.74909,0.8246
39b6d387f6,3,1,92,2,0.08152,0.52153,0.12853,0.50384,0.45835,0.67199,0.05108,0.4836,0.0534,0.44117,0.05262,0.4374,0.24221,0.46492,0.30157,0.41341,0.48993,0.60934
785f046a43,0,1,80,2,0.95598,0.97464,0.94892,0.9531,0.90862,0.92151,0.97631,0.98437,0.95663,0.97036,0.94967,0.96584,0.94738,0.95327,0.92841,0.95142,0.94967,0.95502
785f046a43,1,1,77,2,0.93343,0.96367,0.91964,0.93575,0.90192,0.91464,0.97364,0.98303,0.95397,0.96277,0.95854,0.96985,0.85195,0.90155,0.89029,0.91597,0.79944,0.84785
785f046a43,2,1,70,2,0.90599,0.95114,0.96741,0.97623,0.91368,0.92934,0.96323,0.97758,0.96691,0.97761,0.95532,0.9725,0.93535,0.95257,0.91118,0.93929,0.95465,0.95596
785f046a43,3,1,71,2,0.95041,0.97105,0.97024,0.9709,0.9458,0.95308,0.97364,0.97836,0.97364,0.97783,0.94499,0.96733,0.93046,0.95101,0.96211,0.97589,0.96691,0.96812
5fb62808ef,0,1,69,2,0.9939,0.99593,0.97702,0.98169,0.89029,0.91884,0.95976,0.97503,0.94079,0.96378,0.90862,0.94518,0.95532,0.96232,0.97241,0.9765,0.95728,0.96992
5fb62808ef,1,1,72,2,0.99115,0.99485,0.96979,0.97868,0.89479,0.92505,0.95465,0.97051,0.93046,0.95651,0.90599,0.94185,0.9458,0.95868,0.95791,0.97293,0.94418,0.95698
5fb62808ef,2,1,67,2,0.98999,0.99424,0.96741,0.97768,0.8977,0.92292,0.90731,0.94395,0.90599,0.944,0.88563,0.93097,0.93046,0.95164,0.95397,0.97057,0.8872,0.93062
5fb62808ef,3,1,67,2,0.99288,0.99541,0.95328,0.96982,0.87408,0.91073,0.94738,0.96884,0.93146,0.95912,0.8872,0.93447,0.88876,0.92904,0.95791,0.96925,0.89029,0.93643
82d723ddad,0,1,99,3,0.97838,0.99219,0.98594,0.99355,0.97404,0.98247,0.92304,0.97378,0.99059,0.99413,0.96641,0.98316,0.96323,0.97682,0.93902,0.97063,0.93629,0.95774
82d723ddad,1,1,96,3,0.98309,0.9932,0.91244,0.96282,0.97113,0.9802,0.93812,0.97596,0.98867,0.99174,0.96036,0.97737,0.95663,0.96526,0.95465,0.97086,0.94335,0.95013
82d723ddad,2,0,116,4,0.96036,0.9864,0.94335,0.97952,0.60533,0.87356,0.90599,0.97139,0.96211,0.98506,0.89331,0.96265,0.89331,0.92822,0.77458,0.87088,0.74762,0.89296
82d723ddad,3,1,106,4,0.97069,0.99105,0.97199,0.98889,0.93146,0.9664,0.63341,0.90446,0.98309,0.9916,0.93902,0.97603,0.91611,0.9602,0.86522,0.93983,0.92523,0.94956
db860ff872,0,0,245,10,0.96267,0.99099,0.71383,0.95967,0.60393,0.90532,0.36478,0.90416,0.4598,0.93663,0.78531,0.96994,0.60113,0.8251,0.65401,0.85427,0.64869,0.89223
db860ff872,1,0,129,5,0.14805,0.8281,0.97967,0.99222,0.0341,0.76334,0.05185,0.71268,0.94892,0.98065,0.73412,0.93277,0.18713,0.67298,0.28697,0.8172,0.37662,0.81758
db860ff872,2,0,187,7,0.86971,0.9726,0.93902,0.98446,0.28378,0.84381,0.34687,0.89129,0.95257,0.98177,0.66367,0.93843,0.20818,0.78716,0.82671,0.91281,0.8439,0.913
db860ff872,3,0,451,15,0.3826,0.94114,0.02405,0.87355,0.13296,0.82996,0.01744,0.84024,0.18126,0.9061,0.35577,0.92894,0.13029,0.75758,0.18952,0.79924,0.23935,0.78936
08785a8518,0,1,85,3,0.97069,0.98808,0.94418,0.96961,0.95257,0.96864,0.96538,0.98356,0.97024,0.97892,0.96378,0.97691,0.9679,0.98393,0.92841,0.97191,0.98935,0.99207
08785a8518,1,1,106,4,0.01099,0.70482,0.00057,0.60682,0.17781,0.7754,0.07808,0.72404,0.23511,0.73397,0.0827,0.62555,0.72253,0.90375,0.87493,0.94717,0.99168,0.99316
08785a8518,2,0,74,2,0.49606,0.66415,0.7066,0.79844,0.37388,0.61771,0.05749,0.49082,0.87321,0.87535,0.80928,0.87631,0.7178,0.84425,0.66192,0.81442,0.79182,0.86497
08785a8518,3,1,81,4,0.99331,0.99485,0.01243,0.65502,0.8977,0.96,0.61045,0.87809,0.72096,0.89496,0.92079,0.96362,0.98309,0.98621,0.96323,0.98023,0.99142,0.99356
83721fbfce,0,1,68,2,0.98678,0.99165,0.97443,0.98172,0.9458,0.95533,0.97998,0.98204,0.95728,0.97577,0.94892,0.96675,0.97443,0.97766,0.95854,0.97014,0.93721,0.9466
83721fbfce,1,1,60,2,0.99168,0.99453,0.9836,0.98631,0.96691,0.97048,0.98409,0.989,0.97283,0.98411,0.96095,0.97426,0.97702,0.98103,0.96432,0.97468,0.95465,0.96027
83721fbfce,2,1,70,2,0.98594,0.99117,0.97324,0.9804,0.96036,0.9653,0.98088,0.98709,0.96095,0.9777,0.95397,0.96771,0.96432,0.97102,0.95397,0.97213,0.93721,0.95103
83721fbfce,3,1,67,2,0.98058,0.98812,0.95854,0.97107,0.94967,0.95617,0.97324,0.98146,0.94815,0.97052,0.93629,0.96089,0.94165,0.9501,0.93991,0.95366,0.9458,0.94988
5377384f0e,0,1,96,4,0.99683,0.99819,0.9855,0.99147,0.91368,0.9669,0.95854,0.98372,0.9659,0.98599,0.97324,0.98169,0.89479,0.95244,0.9458,0.96548,0.88563,0.95262
5377384f0e,1,1,128,5,0.90862,0.97868,0.92414,0.98199,0.81048,0.94887,0.90731,0.97734,0.95257,0.98325,0.83441,0.95788,0.94892,0.979,0.97156,0.98289,0.92736,0.97317
5377384f0e,2,0,76,3,0.71463,0.90413,0.51721,0.82481,0.70171,0.87397,0.72096,0.89579,0.63068,0.86464,0.63793,0.86665,0.90192,0.9336,0.63793,0.85561,0.83973,0.90471
5377384f0e,3,1,89,6,0.98504,0.9928,0.89479,0.97425,0.71938,0.92652,0.93812,0.9774,0.96095,0.98269,0.94892,0.97816,0.87493,0.95748,0.91118,0.96744,0.89029,0.96358
2ae8e1ea00,0,0,207,7,0.00858,0.69276,0.00395,0.71081,0.15714,0.58679,0.0827,0.61588,0.09671,0.80803,0.08756,0.74795,0.03622,0.37164,0.23935,0.72426,0.08756,0.47464
2ae8e1ea00,1,0,405,11,0.00225,0.77203,0.00017,0.72642,0.10375,0.73776,0.01205,0.79694,0.01243,0.76784,0.00506,0.82257,0.05665,0.40131,0.04024,0.57069,0.02369,0.66568
2ae8e1ea00,2,0,201,5,0.00061,0.75009,4e-05,0.67221,0.05033,0.64997,0.00165,0.76583,0.00758,0.7574,0.0017,0.71979,0.03622,0.48218,0.03259,0.6189,0.01205,0.54491
2ae8e1ea00,3,0,227,5,0.96691,0.98473,0.9679,0.99152,0.96838,0.98482,0.97771,0.99067,0.97558,0.99095,0.96378,0.98329,0.85585,0.86167,0.93991,0.9519,0.89479,0.91477
4e3c00c973,0,1,71,2,0.95791,0.97274,0.83004,0.8827,0.94079,0.9456,0.92304,0.9502,0.88876,0.93016,0.9344,0.94881,0.94165,0.96263,0.95186,0.95581,0.98458,0.98481
4e3c00c973,1,1,81,3,0.9855,0.99206,0.79182,0.92023,0.93991,0.95948,0.97482,0.9841,0.9458,0.97086,0.95328,0.97511,0.96886,0.98441,0.97631,0.9818,0.99029,0.99262
4e3c00c973,2,1,72,2,0.85096,0.91532,0.78266,0.82707,0.92736,0.93658,0.90599,0.91922,0.87831,0.89538,0.52123,0.69722,0.96886,0.97647,0.96095,0.96467,0.98201,0.98255
4e3c00c973,3,1,79,2,0.97443,0.98426,0.79566,0.88543,0.94967,0.95672,0.94738,0.95788,0.88404,0.92522,0.93629,0.95326,0.95257,0.97044,0.93991,0.96054,0.97702,0.98148
389c696982,0,1,109,3,0.96979,0.97865,0.91964,0.96428,0.92414,0.95822,0.9149,0.96389,0.9659,0.97479,0.84797,0.92719,0.95915,0.96755,0.95915,0.97604,0.9659,0.97541
389c696982,1,1,99,3,0.96036,0.97434,0.93245,0.96556,0.83114,0.92532,0.93343,0.96266,0.96486,0.97503,0.89479,0.92716,0.93535,0.95502,0.95114,0.97262,0.93245,0.95895
389c696982,2,1,81,3,0.95976,0.98486,0.93812,0.97752,0.93721,0.9684,0.95728,0.98354,0.88876,0.95607,0.9149,0.96705,0.95663,0.97314,0.92192,0.96331,0.95854,0.97306
389c696982,3,1,102,4,0.96932,0.98478,0.86613,0.94734,0.63613,0.89247,0.8872,0.94429,0.97404,0.97852,0.85195,0.94358,0.92192,0.95268,0.96267,0.97067,0.94738,0.957
68d393d382,0,0,141,5,0.00317,0.48603,0.05033,0.63325,0.20307,0.50622,0.12592,0.64481,0.02844,0.33037,0.45133,0.76251,0.02162,0.46457,0.13029,0.56682,0.4149,0.73014
68d393d382,1,0,138,8,0.9466,0.98418,0.70253,0.93399,0.88243,0.93605,0.71701,0.92656,0.73259,0.92454,0.79944,0.94104,0.77594,0.93632,0.75636,0.93577,0.89029,0.9372
68d393d382,2,0,120,6,0.02065,0.74153,0.14904,0.6164,0.09269,0.7572,0.10669,0.77278,0.04468,0.61572,0.02557,0.70972,0.33026,0.71851,0.27983,0.78805,0.17554,0.69259
68d393d382,3,1,102,5,0.78266,0.91015,0.5851,0.88226,0.45254,0.67085,0.21338,0.70364,0.34246,0.83571,0.35309,0.69405,0.72409,0.86381,0.77322,0.85375,0.64691,0.80231
bb7afdfe9c,0,1,89,4,0.9659,0.98631,0.95397,0.9714,0.95663,0.97074,0.95976,0.98126,0.94738,0.96867,0.92523,0.95993,0.96932,0.98252,0.83114,0.93042,0.95854,0.9773
bb7afdfe9c,1,1,79,4,0.98409,0.99213,0.51623,0.85028,0.8706,0.9435,0.8977,0.95807,0.56794,0.8563,0.93535,0.96687,0.96036,0.97965,0.96432,0.97641,0.95976,0.97789
bb7afdfe9c,2,1,108,4,0.99029,0.99246,0.96036,0.97813,0.96432,0.97911,0.97283,0.98477,0.90465,0.95655,0.84078,0.91947,0.9659,0.97262,0.95598,0.97877,0.96378,0.97732
bb7afdfe9c,3,1,94,4,0.98867,0.99275,0.96211,0.97381,0.94815,0.97001,0.97156,0.98162,0.93535,0.96608,0.9344,0.96305,0.9659,0.97562,0.95791,0.97438,0.97156,0.98194
7c3ca88b16,0,1,78,3,0.97771,0.98928,0.88243,0.95147,0.89625,0.93003,0.96153,0.97772,0.98145,0.98761,0.77046,0.89484,0.91964,0.93693,0.78793,0.87327,0.87408,0.91876
7c3ca88b16,1,0,298,13,0.89625,0.98995,0.12003,0.92684,0.89479,0.95696,0.23652,0.93492,0.75779,0.97631,0.95728,0.99236,0.75779,0.87963,0.81048,0.90807,0.81874,0.93184
7c3ca88b16,2,0,128,5,0.01001,0.79984,0.01099,0.7933,0.47597,0.8653,0.04672,0.80191,0.68847,0.93199,0.12252,0.81307,0.09671,0.74319,0.24945,0.78589,0.6593,0.9043
7c3ca88b16,3,1,104,6,0.84183,0.97147,0.94335,0.98587,0.68342,0.91884,0.97199,0.9911,0.98256,0.99257,0.97998,0.98982,0.46757,0.84875,0.84183,0.9393,0.85391,0.95122
92284b5389,0,1,95,3,0.00941,0.62019,0.18952,0.68904,0.08882,0.56089,0.15922,0.66269,0.02676,0.39187,0.01243,0.40651,0.10971,0.62104,0.0851,0.28197,0.60253,0.7214
92284b5389,1,0,106,5,0.36116,0.82299,0.30902,0.81846,0.72875,0.86221,0.56049,0.79554,0.17781,0.76372,0.29911,0.79837,0.76908,0.85178,0.54988,0.73167,0.77322,0.80885
92284b5389,2,0,170,9,0.81168,0.97467,0.87408,0.98049,0.8808,0.95741,0.93146,0.98614,0.64243,0.94929,0.84183,0.96446,0.87915,0.9625,0.75201,0.92762,0.85488,0.90252
92284b5389,3,1,158,7,0.98831,0.99556,0.97113,0.99193,0.9263,0.97181,0.72798,0.95711,0.80928,0.95542,0.71223,0.94215,0.90329,0.94717,0.90731,0.95141,0.82104,0.88961
649f8d7e4a,0,1,70,3,0.95114,0.97939,0.95663,0.97617,0.96932,0.98545,0.97324,0.98786,0.8872,0.93552,0.92304,0.9613,0.94335,0.97076,0.96741,0.97937,0.96641,0.98148
649f8d7e4a,1,1,60,3,0.94815,0.97116,0.80069,0.8898,0.97871,0.98886,0.93535,0.97046,0.87147,0.92949,0.93046,0.9578,0.96211,0.97974,0.97631,0.98348,0.98999,0.99316
649f8d7e4a,2,1,68,3,0.94815,0.97925,0.94892,0.97539,0.96432,0.98257,0.97404,0.98831,0.89912,0.93831,0.92192,0.96362,0.94335,0.96706,0.96095,0.97506,0.97199,0.98279
649f8d7e4a,3,1,84,3,0.93812,0.9749,0.92523,0.96589,0.97558,0.98124,0.94165,0.97635,0.90192,0.94896,0.91848,0.95968,0.95663,0.96452,0.96538,0.97695,0.96741,0.9791
c88de7ab9e,0,1,70,2,0.71542,0.8511,0.88243,0.89805,0.95114,0.96373,0.56937,0.76839,0.90991,0.94596,0.94165,0.94849,0.9752,0.97789,0.94738,0.96708,0.96378,0.96701
c88de7ab9e,1,1,69,3,0.55905,0.84713,0.85585,0.90929,0.97443,0.984,0.49103,0.82308,0.93991,0.96223,0.94165,0.96551,0.97443,0.98405,0.96036,0.97902,0.97558,0.98439
c88de7ab9e,2,1,70,2,0.83655,0.91167,0.86431,0.8914,0.95041,0.96488,0.67233,0.81886,0.90862,0.94749,0.93812,0.95095,0.96741,0.9729,0.93902,0.96269,0.95791,0.96338
c88de7ab9e,3,1,76,3,0.9263,0.97033,0.8977,0.93259,0.97631,0.98416,0.74762,0.90727,0.93046,0.9694,0.93629,0.96742,0.98678,0.9897,0.96267,0.97881,0.97805,0.98368
f1db6e8665,0,1,136,7,0.97482,0.99207,0.98831,0.99576,0.9679,0.99214,0.83332,0.97048,0.95791,0.98776,0.9263,0.97282,0.97324,0.98772,0.96211,0.98041,0.96838,0.98346
f1db6e8665,1,1,157,5,0.48487,0.88987,0.89912,0.96908,0.60019,0.9075,0.12003,0.74145,0.02887,0.78255,0.33026,0.78982,0.91611,0.95458,0.59361,0.85095,0.77046,0.90847
f1db6e8665,2,1,152,4,0.97443,0.99046,0.89625,0.97183,0.9679,0.97954,0.92304,0.9785,0.96979,0.98685,0.84183,0.94808,0.94738,0.96929,0.79438,0.93603,0.88404,0.94759
f1db6e8665,3,1,150,7,0.97631,0.99318,0.98967,0.99616,0.98256,0.99243,0.94251,0.98662,0.96323,0.98796,0.93245,0.97377,0.96432,0.98464,0.97024,0.97872,0.87579,0.955
ff7a482507,0,0,180,6,0.9659,0.9849,0.44553,0.80224,0.56362,0.86868,0.77865,0.92847,0.65224,0.90127,0.9149,0.96177,0.55109,0.88165,0.69678,0.86727,0.84797,0.91623
ff7a482507,1,1,151,6,0.97667,0.98881,0.94251,0.97492,0.84078,0.93007,0.97156,0.98877,0.95328,0.98391,0.91244,0.97929,0.93991,0.96944,0.96211,0.97505,0.96211,0.97629
ff7a482507,2,0,188,5,0.90862,0.96459,0.62429,0.90669,0.85294,0.94337,0.84286,0.96444,0.68257,0.92133,0.36116,0.85993,0.23935,0.8127,0.74017,0.90435,0.51001,0.86158
ff7a482507,3,1,139,4,0.62154,0.8957,0.30239,0.7662,0.35757,0.80848,0.55568,0.8681,0.9344,0.96851,0.23231,0.72404,0.94738,0.96595,0.95465,0.96397,0.87408,0.93952
edb3ed4fb3,0,1,79,3,0.96095,0.98532,0.95257,0.97332,0.95598,0.96518,0.95257,0.97763,0.81641,0.90983,0.93991,0.97257,0.9263,0.94405,0.8872,0.93407,0.91368,0.94539
edb3ed4fb3,1,1,65,3,0.9149,0.96361,0.83868,0.93858,0.9344,0.96537,0.88876,0.95674,0.85391,0.90199,0.29503,0.71525,0.88404,0.94181,0.70497,0.83286,0.76908,0.89924
edb3ed4fb3,2,1,58,3,0.7066,0.9002,0.85777,0.94744,0.81641,0.87329,0.50337,0.77317,0.87831,0.9493,0.93343,0.96806,0.59784,0.80305,0.88563,0.92904,0.87997,0.92756
edb3ed4fb3,3,1,78,3,0.97324,0.98855,0.96153,0.98232,0.96538,0.96862,0.95976,0.98181,0.84594,0.91238,0.95728,0.97916,0.92523,0.94495,0.88243,0.93322,0.94418,0.95718
abae23b3d6,0,1,60,2,0.94499,0.96793,0.90991,0.94274,0.96691,0.97197,0.92414,0.94369,0.47804,0.67476,0.90329,0.90464,0.97558,0.98157,0.93721,0.96179,0.94079,0.96083
abae23b3d6,1,1,78,3,0.96641,0.98513,0.9263,0.96984,0.92944,0.96071,0.94738,0.97511,0.84078,0.92946,0.91848,0.95113,0.97935,0.98675,0.92414,0.95396,0.95186,0.97382
abae23b3d6,2,1,86,3,0.96153,0.98236,0.91368,0.96622,0.98409,0.98701,0.95598,0.97791,0.8439,0.92712,0.9173,0.95537,0.97871,0.98807,0.94079,0.96603,0.95257,0.97793
abae23b3d6,3,1,67,3,0.96486,0.98264,0.93046,0.96898,0.98678,0.99108,0.93629,0.96035,0.24945,0.71111,0.92736,0.95761,0.98309,0.98766,0.97667,0.98767,0.97904,0.99005
8c015fc592,0,1,128,6,0.98088,0.99428,0.96267,0.98616,0.96211,0.98223,0.9855,0.99395,0.9679,0.98875,0.96838,0.98631,0.99059,0.9934,0.9344,0.97007,0.94892,0.97416
8c015fc592,1,0,144,6,0.98201,0.99527,0.96267,0.98848,0.95041,0.98077,0.98256,0.99388,0.97667,0.99039,0.96691,0.98632,0.98867,0.99304,0.95663,0.97351,0.95976,0.96829
8c015fc592,2,0,157,5,0.97838,0.99126,0.83762,0.95102,0.85294,0.94074,0.86971,0.96857,0.80194,0.94733,0.74317,0.93074,0.92523,0.97532,0.81874,0.93711,0.89331,0.94589
8c015fc592,3,1,132,6,0.98458,0.99351,0.9752,0.98105,0.88563,0.96539,0.97156,0.98707,0.96691,0.98473,0.9679,0.98438,0.97324,0.9836,0.86154,0.94634,0.94418,0.96655
d9f901a1c0,0,0,74,4,0.23511,0.75425,0.56602,0.80965,0.61277,0.86443,0.56985,0.8394,0.40451,0.71767,0.76769,0.89299,0.21601,0.65628,0.88563,0.95307,0.33808,0.71651
d9f901a1c0,1,1,83,5,0.99142,0.9964,0.99194,0.99506,0.98458,0.98951,0.98504,0.99447,0.95328,0.98235,0.89912,0.96939,0.98174,0.98927,0.97324,0.9848,0.96153,0.97365
d9f901a1c0,2,0,70,4,0.82671,0.95231,0.78133,0.94075,0.94079,0.96833,0.57511,0.89059,0.1394,0.77459,0.5448,0.87456,0.19193,0.73981,0.85777,0.9553,0.85585,0.94278
d9f901a1c0,3,1,83,5,0.98935,0.99588,0.99115,0.99478,0.98458,0.99,0.98409,0.99413,0.94738,0.98156,0.90731,0.97048,0.98201,0.99128,0.97364,0.98616,0.95791,0.97501
4891414404,0,1,81,3,0.98795,0.99317,0.97805,0.98622,0.97443,0.97757,0.97967,0.98822,0.97241,0.98698,0.96432,0.98203,0.98636,0.99137,0.97838,0.98452,0.99494,0.99718
4891414404,1,1,66,2,0.98757,0.99303,0.95532,0.97686,0.89479,0.94078,0.95465,0.97652,0.89331,0.94521,0.91848,0.95733,0.91964,0.95838,0.87235,0.93015,0.78133,0.88994
4891414404,2,1,75,2,0.99059,0.99319,0.98201,0.98534,0.94251,0.95314,0.96378,0.97567,0.9263,0.95567,0.93535,0.95796,0.97558,0.97681,0.95465,0.96289,0.96641,0.97595
4891414404,3,1,61,2,0.93343,0.96402,0.93245,0.95695,0.92192,0.92816,0.95598,0.97283,0.80317,0.889,0.86793,0.92079,0.95728,0.96816,0.9149,0.94789,0.98757,0.99234
34bcabae57,0,0,70,2,0.97838,0.98353,0.94499,0.9562,0.50558,0.74182,0.67918,0.83736,0.92523,0.9564,0.62704,0.80649,0.5222,0.75046,0.47634,0.72577,0.397,0.66002
34bcabae57,1,1,80,2,0.98458,0.99201,0.97324,0.98191,0.68595,0.83425,0.9466,0.97242,0.9263,0.9597,0.74909,0.86634,0.61231,0.79974,0.62429,0.80117,0.48975,0.71302
34bcabae57,2,0,69,3,0.9659,0.97804,0.8606,0.94206,0.60487,0.84611,0.83114,0.93026,0.95397,0.98017,0.55544,0.84745,0.55736,0.83708,0.72798,0.89205,0.49335,0.80384
34bcabae57,3,1,73,3,0.99194,0.99458,0.97156,0.98756,0.84997,0.93907,0.97737,0.99145,0.96979,0.98531,0.74762,0.91039,0.89181,0.94977,0.86431,0.94088,0.65754,0.84996
0227176140,0,0,63,3,0.98174,0.98979,0.91848,0.97155,0.98145,0.98586,0.92192,0.97153,0.88563,0.96099,0.96886,0.98274,0.96886,0.97752,0.95976,0.97522,0.96432,0.97985
0227176140,1,1,69,3,0.91848,0.96985,0.92192,0.97126,0.97904,0.98616,0.94251,0.97763,0.93991,0.97744,0.98201,0.98733,0.97443,0.98165,0.96153,0.97536,0.97967,0.98177
0227176140,2,1,62,3,0.95854,0.98426,0.98309,0.99298,0.98678,0.98921,0.95257,0.98261,0.93245,0.97607,0.97404,0.98651,0.96486,0.98135,0.95257,0.97511,0.96838,0.98449
0227176140,3,1,62,3,0.96886,0.98605,0.96932,0.98866,0.98458,0.98643,0.9458,0.97983,0.93721,0.97823,0.97667,0.98611,0.97364,0.98028,0.95465,0.97387,0.97443,0.98457
7a72e82cd8,0,1,161,6,0.04535,0.83655,0.02405,0.82034,0.65489,0.91801,0.07808,0.83908,0.03021,0.8298,0.04209,0.82922,0.19806,0.83761,0.56985,0.90761,0.82671,0.93612
7a72e82cd8,1,1,196,7,0.85391,0.97267,0.97069,0.99149,0.97771,0.99372,0.96886,0.99229,0.87748,0.97017,0.87408,0.97261,0.92841,0.9666,0.96932,0.97767,0.94738,0.96997
7a72e82cd8,2,0,142,8,0.97156,0.98991,0.93046,0.98603,0.81757,0.96369,0.97113,0.99112,0.8439,0.96807,0.9344,0.98211,0.83441,0.95154,0.90053,0.95293,0.92523,0.9547
7a72e82cd8,3,1,157,4,0.83114,0.94938,0.96153,0.97938,0.82333,0.94018,0.95397,0.98276,0.83762,0.91798,0.82219,0.92489,0.85294,0.92459,0.90731,0.92706,0.85681,0.9361
4da9716ec4,0,1,135,5,0.96432,0.98534,0.97199,0.98496,0.90599,0.96079,0.87915,0.947,0.94892,0.96369,0.9263,0.95746,0.9173,0.95341,0.93991,0.96325,0.95465,0.97022
4da9716ec4,1,1,143,11,0.97998,0.99479,0.9659,0.99339,0.95328,0.98254,0.85096,0.97914,0.90599,0.98216,0.95465,0.9904,0.94165,0.98426,0.94967,0.98118,0.94335,0.98094
4da9716ec4,2,0,146,5,0.89625,0.94698,0.64064,0.86433,0.57033,0.74231,0.10971,0.61595,0.70335,0.88233,0.83224,0.88846,0.43542,0.64138,0.51233,0.79571,0.6137,0.75237
4da9716ec4,3,0,115,5,0.20434,0.81973,0.87663,0.95477,0.26741,0.81222,0.15203,0.61114,0.83655,0.91772,0.4187,0.84386,0.04024,0.67148,0.12765,0.72577,0.06854,0.70887
fa6b6c6a22,0,1,61,2,0.95041,0.97164,0.94967,0.96352,0.93902,0.95167,0.92944,0.94101,0.86247,0.92862,0.93812,0.95301,0.95728,0.96353,0.94499,0.96647,0.94335,0.94796
fa6b6c6a22,1,1,68,4,0.92414,0.9795,0.93046,0.96627,0.88243,0.93448,0.68679,0.91636,0.8808,0.96788,0.80069,0.94574,0.85681,0.94106,0.9149,0.96347,0.9263,0.96765
fa6b6c6a22,2,1,63,2,0.94892,0.97168,0.94815,0.96536,0.93046,0.94043,0.91964,0.94798,0.86431,0.92938,0.92736,0.94445,0.92841,0.94715,0.94251,0.96559,0.90991,0.92864
fa6b6c6a22,3,1,67,3,0.96323,0.98571,0.95041,0.98191,0.97404,0.98655,0.97737,0.98931,0.90192,0.96625,0.94892,0.97639,0.94499,0.96157,0.96486,0.98008,0.96036,0.97629
7a941c5652,0,1,86,5,0.94499,0.98337,0.50336,0.89009,0.80685,0.93461,0.73412,0.9446,0.75491,0.94038,0.93902,0.98009,0.95328,0.98215,0.78793,0.94088,0.96838,0.99028
7a941c5652,1,1,90,3,0.96153,0.98428,0.80317,0.93021,0.9344,0.96528,0.73564,0.90873,0.81405,0.91435,0.92079,0.96785,0.93629,0.96351,0.83762,0.91478,0.96538,0.98176
7a941c5652,2,1,92,4,0.94738,0.98416,0.77322,0.94186,0.90731,0.96679,0.78266,0.9442,0.76629,0.93089,0.94165,0.97464,0.95663,0.98016,0.75636,0.91014,0.97324,0.98878
7a941c5652,3,1,75,4,0.93812,0.98097,0.53413,0.8722,0.92736,0.96919,0.70982,0.92525,0.73106,0.9213,0.90053,0.96479,0.96979,0.98548,0.77458,0.92111,0.9344,0.97975
f0459d6fd7,0,1,119,8,0.96378,0.9911,0.85294,0.9664,0.87748,0.97394,0.82219,0.97281,0.95328,0.98285,0.44071,0.91571,0.84183,0.97048,0.89625,0.97188,0.93245,0.97914
f0459d6fd7,1,0,127,5,0.97771,0.98938,0.88243,0.96515,0.96378,0.97736,0.92944,0.97615,0.90991,0.9628,0.96323,0.9751,0.73716,0.91811,0.93812,0.95525,0.90599,0.95607
f0459d6fd7,2,0,144,6,0.2934,0.87204,0.33372,0.73711,0.74167,0.90789,0.43542,0.80795,0.42298,0.87084,0.78133,0.92785,0.30404,0.82893,0.30819,0.83473,0.43494,0.87172
f0459d6fd7,3,1,124,6,0.97904,0.99313,0.94165,0.9851,0.75923,0.9534,0.93046,0.98398,0.9466,0.98243,0.95598,0.98613,0.93902,0.97693,0.94815,0.97668,0.97935,0.9923
6360464ff0,0,1,99,5,0.51324,0.88173,0.91848,0.96707,0.89181,0.9442,0.76769,0.94719,0.91964,0.96907,0.39934,0.83832,0.92192,0.95534,0.76629,0.90423,0.84183,0.94815
6360464ff0,1,1,64,2,0.73867,0.86748,0.78662,0.86661,0.77594,0.8639,0.64958,0.821,0.02759,0.50584,0.4206,0.69692,0.79053,0.86817,0.76769,0.86779,0.81641,0.89948
6360464ff0,2,1,76,2,0.97443,0.98476,0.9344,0.94708,0.92304,0.9252,0.94335,0.96372,0.77865,0.87444,0.90465,0.93338,0.93902,0.95113,0.90329,0.93092,0.92414,0.9465
6360464ff0,3,1,75,3,0.95041,0.97979,0.97443,0.98606,0.8872,0.94748,0.95976,0.97807,0.9458,0.96868,0.85195,0.94231,0.95465,0.97245,0.97558,0.98104,0.97771,0.98421
58351f6d4a,0,0,114,4,0.93245,0.96205,0.97558,0.98458,0.84594,0.90445,0.95397,0.97783,0.87831,0.96074,0.59031,0.83117,0.85585,0.90773,0.95532,0.96125,0.91848,0.94803
58351f6d4a,1,0,123,8,0.65666,0.95144,0.95041,0.98754,0.83004,0.95325,0.89181,0.97934,0.93046,0.98509,0.92079,0.98287,0.65842,0.90234,0.94335,0.96867,0.87748,0.95541
58351f6d4a,2,0,124,6,0.95041,0.97556,0.95854,0.98114,0.75779,0.90354,0.94499,0.96914,0.92841,0.97573,0.5351,0.88247,0.84492,0.92216,0.90465,0.94354,0.87997,0.94031
58351f6d4a,3,0,113,3,0.96691,0.96986,0.90991,0.95347,0.85096,0.87718,0.96211,0.97175,0.9149,0.95686,0.4535,0.74463,0.80069,0.88091,0.93046,0.94809,0.92304,0.93153
4115f6ff16,0,1,107,3,0.24799,0.69686,0.93629,0.96022,0.8808,0.91489,0.4615,0.78267,0.83973,0.86733,0.84696,0.88643,0.69678,0.79282,0.72565,0.79503,0.75636,0.83017
4115f6ff16,1,1,149,9,0.97241,0.99293,0.97838,0.99239,0.78793,0.95651,0.90731,0.98258,0.93902,0.98476,0.95791,0.98868,0.91848,0.96775,0.86154,0.94808,0.92736,0.97527
4115f6ff16,2,1,146,7,0.96838,0.98792,0.98058,0.98867,0.78793,0.94357,0.93146,0.97852,0.88243,0.97194,0.95728,0.98564,0.84897,0.92879,0.91368,0.94609,0.92944,0.9642
4115f6ff16,3,1,165,8,0.97069,0.98939,0.96932,0.99127,0.83762,0.96083,0.97443,0.99231,0.92414,0.98149,0.95728,0.98743,0.89912,0.9542,0.90053,0.94975,0.93629,0.96636
99c653900d,0,0,117,3,0.98309,0.98986,0.96641,0.9773,0.68257,0.87338,0.95915,0.97721,0.97771,0.98304,0.90862,0.94846,0.94499,0.96239,0.91611,0.95825,0.90991,0.93999
99c653900d,1,1,96,3,0.97737,0.98685,0.9466,0.96582,0.58794,0.82727,0.90329,0.94678,0.96691,0.97882,0.88404,0.91997,0.95791,0.96795,0.92304,0.94663,0.85195,0.89448
99c653900d,2,1,101,3,0.98145,0.98599,0.85585,0.92288,0.83762,0.90202,0.97364,0.98168,0.97967,0.97998,0.90053,0.93462,0.89625,0.94156,0.89181,0.93468,0.89181,0.91487
99c653900d,3,1,108,3,0.97241,0.98389,0.8706,0.93863,0.92414,0.94388,0.54504,0.84378,0.97364,0.98066,0.88404,0.92816,0.89181,0.94428,0.91118,0.95372,0.86247,0.92685
6282169481,0,1,114,4,0.46199,0.85984,0.92841,0.9683,0.97904,0.98271,0.90053,0.97034,0.92079,0.97582,0.91368,0.95495,0.8977,0.95812,0.97113,0.9813,0.96838,0.98186
6282169481,1,1,90,4,0.38723,0.8344,0.90053,0.96627,0.98718,0.98831,0.9752,0.98858,0.90991,0.97184,0.92944,0.96478,0.97024,0.97902,0.97702,0.98696,0.98309,0.99132
6282169481,2,1,109,4,0.39001,0.84013,0.95041,0.9813,0.98174,0.98774,0.98409,0.99259,0.93629,0.97854,0.95041,0.97314,0.95114,0.971,0.97771,0.98343,0.98757,0.99015
6282169481,3,1,99,4,0.44601,0.84836,0.95598,0.97951,0.97595,0.98494,0.97443,0.98828,0.90991,0.97002,0.9344,0.96508,0.91848,0.94851,0.9659,0.97788,0.97667,0.98482
55e1951990,0,1,102,5,0.26741,0.77188,0.18713,0.69869,0.58747,0.83227,0.08632,0.71281,0.66888,0.9111,0.16027,0.69993,0.22816,0.70114,0.50253,0.83123,0.60253,0.84541
55e1951990,1,1,141,7,0.34422,0.87524,0.35309,0.73317,0.50915,0.80916,0.70416,0.88652,0.63793,0.91176,0.34246,0.78393,0.15922,0.53592,0.49042,0.75151,0.57416,0.77178
55e1951990,2,0,123,6,0.98504,0.99502,0.68763,0.92924,0.78266,0.92528,0.71622,0.94729,0.82104,0.96469,0.96741,0.98508,0.44698,0.75166,0.52525,0.82707,0.78266,0.91228
55e1951990,3,1,128,6,0.98678,0.99505,0.9263,0.97305,0.82671,0.91923,0.99029,0.99523,0.98409,0.99239,0.96267,0.98213,0.48926,0.75044,0.6628,0.86797,0.72174,0.9027
d23e76cdcc,0,1,81,5,0.81641,0.95023,0.95663,0.98835,0.9458,0.9778,0.92736,0.97609,0.90599,0.96777,0.95915,0.98512,0.85681,0.94475,0.91848,0.97296,0.95663,0.98088
d23e76cdcc,1,1,69,2,0.75347,0.87499,0.30239,0.64716,0.32681,0.64474,0.71542,0.85271,0.07477,0.52893,0.76348,0.84098,0.77594,0.87286,0.64691,0.81161,0.86793,0.90917
d23e76cdcc,2,1,70,2,0.97069,0.98018,0.76348,0.86876,0.58983,0.73852,0.96979,0.97191,0.77458,0.83395,0.68173,0.79892,0.86431,0.86745,0.79311,0.83445,0.66367,0.77182
d23e76cdcc,3,1,80,5,0.94251,0.98465,0.91964,0.97891,0.9466,0.9793,0.98795,0.99614,0.8808,0.96679,0.93245,0.97474,0.9466,0.97162,0.94967,0.97677,0.97324,0.98369
686c67ea2c,0,1,75,5,0.02369,0.80353,0.96691,0.99074,0.03068,0.79539,0.47341,0.89313,0.99168,0.9969,0.73412,0.93827,0.94815,0.98631,0.97404,0.9866,0.98309,0.99064
686c67ea2c,1,1,73,3,0.94165,0.9799,0.97871,0.98851,0.74317,0.90412,0.81048,0.93556,0.98935,0.99452,0.88876,0.95057,0.95663,0.98183,0.96691,0.98165,0.96886,0.98097
686c67ea2c,2,1,68,2,0.91964,0.95954,0.97702,0.98613,0.86339,0.92021,0.79053,0.89266,0.97364,0.98513,0.84897,0.90744,0.96691,0.9799,0.96211,0.97484,0.93812,0.9574
686c67ea2c,3,1,64,2,0.12169,0.55868,0.9263,0.95402,0.56698,0.74331,0.80441,0.83838,0.86883,0.91762,0.70171,0.819,0.87831,0.90822,0.91964,0.93022,0.94079,0.94447
49a79463e2,0,0,122,5,0.01033,0.61255,0.0042,0.65067,0.42441,0.75753,0.0737,0.68351,0.02887,0.56181,0.14319,0.77531,0.92414,0.94902,0.53607,0.86038,0.24945,0.7638
49a79463e2,1,0,181,8,0.02636,0.86737,0.03622,0.83012,0.61463,0.90714,0.22678,0.89001,0.0851,0.81815,0.16132,0.87318,0.89029,0.96706,0.65489,0.89406,0.25833,0.82771
49a79463e2,2,0,129,7,0.53923,0.9187,0.66888,0.93669,0.45399,0.89068,0.92079,0.9821,0.32767,0.78502,0.83973,0.96495,0.66192,0.93847,0.79693,0.9211,0.75636,0.94041
49a79463e2,3,1,174,10,0.02596,0.84291,0.0321,0.825,0.42346,0.9011,0.72331,0.95444,0.03259,0.61195,0.78662,0.96131,0.54795,0.92252,0.78531,0.91534,0.68088,0.91651
bcaeec4f61,0,0,127,4,0.85777,0.95687,0.8872,0.95413,0.8606,0.91467,0.77865,0.93603,0.76908,0.92885,0.46782,0.82186,0.84183,0.8788,0.81168,0.8993,0.83973,0.88803
bcaeec4f61,1,1,104,4,0.78923,0.94088,0.10669,0.72995,0.8706,0.93552,0.5317,0.86461,0.02442,0.64394,0.47159,0.80734,0.57559,0.83306,0.6072,0.82002,0.87663,0.93947
bcaeec4f61,2,0,114,6,0.53898,0.90307,0.59643,0.91606,0.73867,0.93331,0.61185,0.90004,0.5306,0.907,0.5083,0.89581,0.62338,0.83835,0.79311,0.9134,0.83004,0.92159
bcaeec4f61,3,0,97,4,0.82559,0.93769,0.80441,0.93386,0.20947,0.68886,0.7272,0.92068,0.88404,0.93961,0.28141,0.70286,0.62886,0.74762,0.54577,0.80335,0.62612,0.79507
067a97109a,0,1,96,3,0.9344,0.9745,0.95976,0.9825,0.96036,0.97011,0.94335,0.97175,0.50307,0.80979,0.87408,0.94666,0.97967,0.98919,0.95465,0.96757,0.98901,0.99204
067a97109a,1,1,84,3,0.96036,0.98313,0.95186,0.97391,0.95598,0.97177,0.96979,0.98181,0.62977,0.85445,0.87831,0.94914,0.98256,0.99048,0.95328,0.9698,0.98901,0.99283
067a97109a,2,1,62,3,0.97069,0.98572,0.95976,0.97515,0.95663,0.96993,0.94165,0.96415,0.58652,0.83633,0.90465,0.95742,0.98795,0.99255,0.95598,0.96838,0.98309,0.98896
067a97109a,3,1,83,3,0.97404,0.9869,0.97482,0.97893,0.94738,0.9606,0.97404,0.98293,0.67918,0.86646,0.91118,0.95926,0.97838,0.98871,0.95465,0.96926,0.98409,0.99027
13af77aba9,0,0,319,9,0.02759,0.64895,0.07696,0.65835,0.20434,0.60686,0.10088,0.64708,0.18477,0.633,0.05921,0.69355,0.10669,0.39547,0.21469,0.59784,0.12592,0.57678
13af77aba9,1,0,149,6,0.001,0.70203,0.00348,0.76336,0.02033,0.68661,0.0145,0.76243,0.01001,0.70127,0.00782,0.66256,0.02229,0.48129,0.06465,0.52719,0.03514,0.57759
13af77aba9,2,0,144,6,0.00083,0.74756,0.00447,0.71875,0.02298,0.63653,0.01205,0.55926,0.00971,0.47692,0.00941,0.45318,0.06657,0.37292,0.10375,0.4697,0.15714,0.55826
13af77aba9,3,0,240,12,0.84696,0.97164,0.74466,0.96178,0.5832,0.88167,0.76348,0.94289,0.30239,0.89607,0.83332,0.96368,0.66017,0.84364,0.72409,0.89639,0.66192,0.85413
ce87f5d953,0,1,138,5,0.98504,0.99071,0.96432,0.97953,0.90329,0.96092,0.07808,0.80366,0.94892,0.96771,0.86522,0.95485,0.89912,0.96196,0.86431,0.94305,0.82333,0.92595
ce87f5d953,1,0,101,3,0.95791,0.9779,0.80069,0.92621,0.92192,0.94106,0.10521,0.67292,0.54988,0.80509,0.90053,0.93146,0.7773,0.88441,0.84078,0.87897,0.83441,0.8698
ce87f5d953,2,0,139,6,0.98174,0.9906,0.96691,0.99098,0.87493,0.95312,0.4722,0.90468,0.37938,0.87734,0.95328,0.97693,0.96211,0.98404,0.67833,0.89549,0.80441,0.9261
ce87f5d953,3,1,137,8,0.38122,0.91685,0.84286,0.97299,0.89625,0.96329,0.64958,0.93079,0.95114,0.98844,0.71063,0.95286,0.91964,0.97723,0.95114,0.97846,0.94418,0.97562
cd0ef5576a,0,1,147,6,0.98117,0.99031,0.84797,0.96493,0.96432,0.97951,0.93245,0.97011,0.61463,0.91157,0.74614,0.93336,0.85488,0.93149,0.89625,0.95821,0.95328,0.97844
cd0ef5576a,1,1,132,5,0.94892,0.97786,0.61045,0.86518,0.85294,0.95405,0.70335,0.90461,0.04337,0.5638,0.80441,0.93084,0.90862,0.94565,0.90599,0.94798,0.80685,0.94452
cd0ef5576a,2,0,150,5,0.94967,0.97827,0.94251,0.97531,0.90599,0.95683,0.90329,0.94163,0.93535,0.97357,0.93146,0.96241,0.79566,0.87819,0.83441,0.92457,0.92192,0.97084
cd0ef5576a,3,0,126,5,0.96979,0.98733,0.93245,0.97398,0.95532,0.97496,0.93721,0.97242,0.93343,0.96703,0.94815,0.97322,0.93535,0.95324,0.93902,0.96152,0.96886,0.98262
c0b83e044c,0,1,101,4,0.9855,0.99229,0.9263,0.95636,0.91611,0.96224,0.97199,0.98575,0.96211,0.98505,0.96036,0.97729,0.90329,0.92845,0.93629,0.95999,0.89029,0.95031
c0b83e044c,1,0,106,3,0.17667,0.71702,0.07808,0.66945,0.34599,0.74463,0.02931,0.65974,0.01591,0.53041,0.09947,0.62646,0.14512,0.52901,0.33112,0.70489,0.43446,0.72358
c0b83e044c,2,1,137,4,0.98058,0.98885,0.97156,0.98503,0.95257,0.97629,0.97558,0.98659,0.93991,0.9638,0.96486,0.97216,0.91118,0.95741,0.97069,0.97533,0.95041,0.96851
c0b83e044c,3,1,73,2,0.98058,0.98626,0.88563,0.92652,0.87663,0.88996,0.89912,0.93172,0.33633,0.66175,0.93721,0.95676,0.49304,0.71603,0.81048,0.85955,0.90329,0.91317
d40f42ddf6,0,0,142,3,0.51324,0.71768,0.90731,0.94225,0.95114,0.96529,0.96641,0.97613,0.8439,0.90901,0.69925,0.80026,0.85488,0.90894,0.85872,0.89094,0.84183,0.86114
d40f42ddf6,1,0,142,6,0.587,0.85595,0.25091,0.82893,0.75636,0.92864,0.82894,0.95901,0.29018,0.84962,0.65842,0.8652,0.53145,0.86971,0.68847,0.8694,0.68342,0.86775
d40f42ddf6,2,0,172,7,0.00433,0.73521,0.00028,0.72444,0.78266,0.92741,0.15203,0.82038,0.01744,0.77985,0.40545,0.74756,0.49545,0.85885,0.76629,0.90113,0.85966,0.90807
d40f42ddf6,3,0,151,5,0.02002,0.73607,0.00858,0.76261,0.40216,0.83484,0.03162,0.77195,0.03964,0.76706,0.05749,0.745,0.70008,0.87636,0.38353,0.74424,0.55519,0.84381
958483bde2,0,1,73,4,0.95976,0.98429,0.94815,0.98386,0.97283,0.98951,0.97113,0.98753,0.87147,0.9579,0.93812,0.97003,0.98117,0.98996,0.98935,0.99122,0.9855,0.99226
958483bde2,1,1,84,2,0.98458,0.98984,0.97871,0.9864,0.9344,0.9509,0.97595,0.98502,0.84078,0.91744,0.95186,0.96577,0.94335,0.96565,0.93902,0.95995,0.97364,0.97634
958483bde2,2,1,72,4,0.98935,0.99417,0.97998,0.98673,0.97404,0.98709,0.96378,0.98016,0.91118,0.96607,0.93721,0.9724,0.92736,0.97601,0.98409,0.99017,0.98718,0.99173
958483bde2,3,1,70,4,0.97904,0.98952,0.97069,0.98889,0.97935,0.9908,0.97935,0.99021,0.86613,0.95983,0.94815,0.97241,0.98117,0.98755,0.98718,0.99033,0.98145,0.98459
802783ca14,0,1,51,3,0.95114,0.97838,0.75636,0.91624,0.93146,0.94344,0.62062,0.7791,0.3863,0.78905,0.33285,0.64645,0.95041,0.96147,0.91964,0.94688,0.9344,0.96113
802783ca14,1,1,72,3,0.94892,0.9753,0.97482,0.99012,0.93146,0.95872,0.98256,0.98924,0.87579,0.94801,0.89479,0.94674,0.95397,0.9674,0.92414,0.94486,0.97443,0.97889
802783ca14,2,1,60,3,0.95465,0.97766,0.99242,0.99478,0.93046,0.95756,0.96979,0.98555,0.97024,0.98069,0.91964,0.95234,0.95854,0.97129,0.9466,0.95647,0.97702,0.97989
802783ca14,3,0,79,3,0.02033,0.63986,0.17441,0.64177,0.32253,0.65979,0.397,0.76591,0.13029,0.57202,0.04024,0.46867,0.45423,0.5975,0.10375,0.43138,0.48529,0.71595
f26ada8cc5,0,1,54,2,0.94815,0.97328,0.87663,0.93403,0.95598,0.95787,0.81523,0.90427,0.90053,0.93787,0.83762,0.91178,0.9344,0.95734,0.91964,0.94918,0.90991,0.9465
f26ada8cc5,1,1,59,3,0.96323,0.98709,0.9466,0.97746,0.96741,0.97849,0.8977,0.96476,0.92736,0.96491,0.90329,0.96319,0.9679,0.98375,0.95598,0.97763,0.97241,0.98813
f26ada8cc5,2,1,56,3,0.96036,0.98612,0.94079,0.97619,0.96153,0.97696,0.88563,0.96064,0.9263,0.96435,0.90465,0.96411,0.96741,0.98386,0.95598,0.97853,0.97364,0.98879
f26ada8cc5,3,1,48,2,0.94815,0.97341,0.89181,0.94074,0.95976,0.96874,0.83004,0.91207,0.90465,0.94135,0.84492,0.91564,0.95041,0.96918,0.94815,0.96636,0.95114,0.97024
6397bf57a7,0,1,151,11,0.90053,0.97872,0.29503,0.92798,0.94499,0.97711,0.86613,0.96876,0.88563,0.97469,0.78133,0.95368,0.82104,0.95159,0.96323,0.98332,0.9263,0.96333
6397bf57a7,1,1,121,3,0.73412,0.87326,0.78266,0.91418,0.74466,0.87077,0.72017,0.82677,0.83224,0.92114,0.72331,0.85314,0.77184,0.8415,0.83868,0.90055,0.7178,0.83378
6397bf57a7,2,1,97,3,0.83441,0.88512,0.05185,0.66857,0.04337,0.53859,0.03622,0.58542,0.02676,0.66092,0.59361,0.80932,0.73106,0.80596,0.85195,0.90732,0.6058,0.77556
6397bf57a7,3,1,120,4,0.54553,0.85067,0.11124,0.58486,0.23092,0.71956,0.25683,0.71805,0.79311,0.91211,0.46126,0.67373,0.23371,0.74335,0.84696,0.93906,0.65666,0.85631
bf0094284e,0,0,115,4,0.39467,0.84251,0.3407,0.83,0.61509,0.85997,0.3057,0.82011,0.76489,0.92641,0.62246,0.8944,0.15406,0.70433,0.68342,0.8714,0.39373,0.79873
bf0094284e,1,0,277,9,0.85872,0.97351,0.66192,0.95585,0.47877,0.89361,0.28697,0.87959,0.80441,0.9605,0.86431,0.96761,0.26971,0.83308,0.55977,0.85889,0.48487,0.87236
bf0094284e,2,0,120,6,0.93902,0.98204,0.96432,0.98876,0.83224,0.94255,0.50185,0.91011,0.56073,0.91883,0.95663,0.98752,0.82783,0.9247,0.80685,0.94107,0.93535,0.96695
bf0094284e,3,0,146,5,0.98935,0.99444,0.99029,0.99618,0.96486,0.97146,0.97283,0.99286,0.98795,0.99128,0.98594,0.99333,0.91611,0.95021,0.93343,0.96978,0.94251,0.96651
19dd46a066,0,1,97,5,0.97443,0.98981,0.98117,0.98876,0.96095,0.9773,0.74317,0.94309,0.87235,0.95276,0.96486,0.9762,0.93245,0.96073,0.97156,0.97904,0.97024,0.98265
19dd46a066,1,0,81,5,0.62977,0.92203,0.51105,0.89901,0.93812,0.96129,0.82219,0.95671,0.40875,0.87578,0.95257,0.98245,0.88243,0.94365,0.9458,0.96568,0.87915,0.95709
19dd46a066,2,1,223,9,0.97805,0.99244,0.88563,0.9667,0.82219,0.93236,0.95532,0.98792,0.70253,0.95274,0.90599,0.98138,0.35399,0.77162,0.80563,0.90467,0.58225,0.86679
19dd46a066,3,0,98,3,0.95328,0.97399,0.87748,0.93932,0.66105,0.82376,0.49448,0.80116,0.82333,0.91883,0.12169,0.67472,0.52598,0.72816,0.45084,0.77183,0.5969,0.81048
727362fa33,0,0,81,3,0.6628,0.85554,0.9344,0.96513,0.03259,0.37121,0.22542,0.51808,0.90862,0.94574,0.70089,0.80788,0.31574,0.6955,0.06279,0.43261,0.02636,0.40197
727362fa33,1,1,82,4,0.99509,0.99755,0.98967,0.99523,0.8808,0.94466,0.98678,0.99396,0.98594,0.98987,0.95791,0.98246,0.91611,0.9593,0.89479,0.94802,0.9149,0.94272
727362fa33,2,0,413,17,0.07696,0.89887,0.81874,0.96936,0.62246,0.87778,0.46369,0.90664,0.76489,0.95303,0.32082,0.92115,0.45229,0.78392,0.72253,0.87276,0.37662,0.80631
727362fa33,3,1,54,2,0.99509,0.99569,0.98058,0.98715,0.91368,0.93672,0.96838,0.97448,0.97404,0.97931,0.94967,0.95726,0.92736,0.95165,0.92523,0.94531,0.92944,0.93722
4baf18694c,0,1,109,5,0.89479,0.97203,0.96432,0.98583,0.87831,0.93479,0.18595,0.82032,0.90991,0.9644,0.76207,0.93264,0.86522,0.92088,0.93343,0.95833,0.8872,0.93495
4baf18694c,1,1,79,2,0.68595,0.82255,0.95465,0.96311,0.83868,0.8893,0.14904,0.53548,0.84594,0.87981,0.6943,0.75535,0.7066,0.82097,0.9173,0.92337,0.83114,0.87179
4baf18694c,2,1,112,4,0.97364,0.982,0.84897,0.92751,0.47402,0.81246,0.24945,0.73315,0.45108,0.79356,0.63432,0.85016,0.71063,0.82491,0.90329,0.93397,0.80807,0.88433
4baf18694c,3,1,74,3,0.89029,0.94722,0.96095,0.9759,0.84797,0.93282,0.19193,0.70929,0.90599,0.9327,0.67747,0.83633,0.80807,0.91336,0.95257,0.96683,0.83868,0.91698
153b628773,0,1,78,3,0.94967,0.97945,0.90192,0.96085,0.91118,0.92881,0.96979,0.98141,0.97771,0.98636,0.90465,0.95476,0.94967,0.96155,0.96838,0.97255,0.95598,0.9678
153b628773,1,1,71,2,0.96153,0.96611,0.89479,0.90663,0.89912,0.92325,0.94967,0.96527,0.96153,0.97305,0.87997,0.9183,0.94738,0.95067,0.96095,0.9675,0.95465,0.96394
153b628773,2,1,73,2,0.96538,0.9789,0.96741,0.97369,0.89912,0.92206,0.98028,0.98481,0.96432,0.97649,0.92304,0.94595,0.96095,0.97077,0.94967,0.95878,0.93535,0.94901
153b628773,3,1,82,4,0.96691,0.98876,0.9149,0.97316,0.96486,0.96877,0.97024,0.98855,0.98718,0.99328,0.92192,0.97095,0.94738,0.96947,0.97199,0.98177,0.97404,0.98144
6d49fd3e4b,0,1,177,8,0.98458,0.99505,0.9263,0.98331,0.98201,0.99022,0.96691,0.98992,0.92944,0.98545,0.97871,0.99108,0.89912,0.98088,0.93721,0.97709,0.95976,0.98603
6d49fd3e4b,1,1,190,7,0.98504,0.99426,0.93902,0.97949,0.98409,0.98934,0.96036,0.98698,0.94815,0.98583,0.97558,0.98935,0.89029,0.97897,0.92414,0.96983,0.92736,0.97688
6d49fd3e4b,2,1,137,6,0.98201,0.99117,0.9836,0.99046,0.98088,0.98958,0.97404,0.98847,0.97558,0.98696,0.96095,0.9788,0.95114,0.97918,0.83655,0.95669,0.96378,0.98245
6d49fd3e4b,3,1,151,8,0.98201,0.99406,0.97737,0.99178,0.97156,0.98809,0.96838,0.99038,0.96211,0.98545,0.95114,0.98527,0.93146,0.98471,0.93535,0.97507,0.95915,0.98325
ff29d88480,0,1,70,3,0.96153,0.98582,0.96267,0.984,0.94815,0.971,0.97283,0.98869,0.96095,0.9823,0.9263,0.96712,0.36841,0.76887,0.9149,0.96268,0.53364,0.83771
ff29d88480,1,1,55,2,0.97069,0.98521,0.90192,0.95079,0.93721,0.96583,0.92944,0.96459,0.9149,0.95685,0.91118,0.95499,0.84183,0.92052,0.93991,0.96896,0.87748,0.93866
ff29d88480,2,1,66,3,0.96886,0.98813,0.95915,0.9834,0.95397,0.97265,0.95257,0.98159,0.97069,0.98272,0.92736,0.96573,0.84492,0.93071,0.90053,0.95948,0.65313,0.87624
ff29d88480,3,1,56,2,0.9679,0.98382,0.89181,0.94574,0.89331,0.94388,0.71383,0.85678,0.93343,0.96611,0.86613,0.93246,0.78266,0.89094,0.93343,0.96572,0.85585,0.92785
7bd438c7f3,0,1,109,6,0.98867,0.99509,0.97113,0.99079,0.90599,0.96542,0.95915,0.98449,0.97771,0.98485,0.96486,0.98359,0.95257,0.9756,0.94967,0.96844,0.92192,0.95409
7bd438c7f3,1,1,84,4,0.97199,0.97587,0.90991,0.95091,0.75347,0.91482,0.32767,0.81398,0.23935,0.69909,0.61324,0.85237,0.85195,0.9111,0.94967,0.9698,0.88876,0.93044
7bd438c7f3,2,1,97,4,0.97482,0.99182,0.96153,0.98554,0.86793,0.92836,0.97558,0.98842,0.92523,0.96741,0.93046,0.96293,0.93902,0.96157,0.94251,0.96445,0.84183,0.91878
7bd438c7f3,3,1,99,3,0.98256,0.99204,0.97113,0.98645,0.93991,0.96599,0.97667,0.98364,0.96095,0.96337,0.95114,0.95779,0.96838,0.97094,0.9344,0.95508,0.91611,0.93331
29e9d859d2,0,1,116,4,0.96691,0.98585,0.9173,0.97156,0.7773,0.93549,0.97805,0.9891,0.92944,0.97113,0.92079,0.96909,0.90053,0.96683,0.79182,0.92258,0.83868,0.94822
29e9d859d2,1,1,118,4,0.96211,0.98074,0.74167,0.9237,0.28458,0.81301,0.91964,0.97615,0.94165,0.97693,0.91611,0.95669,0.93629,0.96543,0.53084,0.86065,0.79438,0.94001
29e9d859d2,2,1,94,4,0.93629,0.97628,0.89331,0.95965,0.82783,0.93873,0.98145,0.99109,0.91848,0.96946,0.9149,0.95922,0.98256,0.98794,0.96741,0.97603,0.97199,0.98594
29e9d859d2,3,1,77,4,0.95663,0.98148,0.20947,0.79294,0.97805,0.98767,0.98028,0.988,0.89625,0.96636,0.93535,0.96174,0.97871,0.98841,0.93991,0.97215,0.96741,0.98493
d0b6d688ce,0,1,91,4,0.97558,0.99,0.91848,0.95843,0.90731,0.96454,0.94335,0.96293,0.67491,0.89563,0.9344,0.96774,0.92192,0.96873,0.95186,0.95521,0.94165,0.9722
d0b6d688ce,1,1,95,4,0.97199,0.99041,0.95854,0.97961,0.92414,0.96981,0.92736,0.96871,0.93046,0.96425,0.93046,0.97222,0.94892,0.97749,0.94079,0.96358,0.9458,0.97275
d0b6d688ce,2,1,106,4,0.92304,0.97387,0.90991,0.97141,0.9149,0.95135,0.82333,0.91839,0.90991,0.96707,0.95532,0.9717,0.92841,0.95102,0.75201,0.87765,0.92736,0.94619
d0b6d688ce,3,1,96,4,0.94967,0.98386,0.96153,0.98433,0.88404,0.96616,0.95728,0.97669,0.90329,0.95404,0.92944,0.97118,0.8808,0.96047,0.92079,0.95214,0.93629,0.97696
43881877f9,0,0,100,4,0.19683,0.7731,0.13478,0.76535,0.55085,0.79788,0.76065,0.86735,0.06279,0.71398,0.69264,0.8515,0.13478,0.65342,0.44794,0.76679,0.41111,0.65542
43881877f9,1,1,122,5,0.91848,0.97265,0.94967,0.98023,0.92079,0.967,0.92192,0.97197,0.89479,0.97443,0.80069,0.94366,0.91244,0.9469,0.86431,0.93871,0.8872,0.90805
43881877f9,2,1,145,5,0.87579,0.95489,0.9458,0.97709,0.90329,0.95237,0.8872,0.95438,0.85488,0.96626,0.72643,0.92633,0.83224,0.92877,0.6174,0.88791,0.88243,0.8996
43881877f9,3,1,91,5,0.82894,0.94156,0.74614,0.93101,0.53631,0.83234,0.62062,0.89963,0.68679,0.88919,0.76908,0.92059,0.84492,0.88973,0.35131,0.75001,0.63068,0.7889
a030751506,0,1,106,3,0.95186,0.96676,0.94815,0.96875,0.85488,0.88948,0.92304,0.95646,0.92304,0.9502,0.54383,0.82022,0.91848,0.92604,0.87235,0.8977,0.88876,0.90095
a030751506,1,0,100,4,0.77458,0.89956,0.89625,0.94285,0.85096,0.9505,0.79944,0.9395,0.92079,0.95413,0.95186,0.97051,0.91611,0.96005,0.91368,0.93592,0.83868,0.92397
a030751506,2,1,144,6,0.65401,0.91166,0.81048,0.93255,0.60346,0.83999,0.33459,0.85933,0.92079,0.96749,0.53486,0.88701,0.27826,0.63532,0.70982,0.84376,0.52756,0.82201
a030751506,3,1,115,4,0.9659,0.98083,0.97156,0.98329,0.88404,0.91308,0.96641,0.97583,0.97324,0.9838,0.82894,0.93991,0.87408,0.92601,0.86613,0.91183,0.87663,0.91681
719d9ab214,0,1,93,4,0.61324,0.8888,0.59031,0.87909,0.89029,0.93493,0.82219,0.91982,0.80194,0.90318,0.30239,0.7539,0.8808,0.95037,0.23793,0.78656,0.50885,0.85133
719d9ab214,1,0,81,3,0.83973,0.89308,0.62062,0.83057,0.92944,0.94762,0.85488,0.93706,0.88563,0.91639,0.45932,0.67604,0.94079,0.96255,0.96886,0.97205,0.94815,0.95981
719d9ab214,2,1,125,4,0.53801,0.86737,0.13478,0.72824,0.70579,0.87313,0.86971,0.93481,0.20818,0.7713,0.61924,0.81892,0.89625,0.91935,0.91368,0.94371,0.67405,0.84118
719d9ab214,3,0,138,6,0.00433,0.82635,0.05749,0.81474,0.3675,0.83794,0.08152,0.81898,0.23935,0.84526,0.01691,0.81459,0.88243,0.94803,0.80928,0.91663,0.54916,0.88165
8df469f165,0,0,512,,,,,,,,,,,,,,,,,,,
8df469f165,1,1,161,6,0.98256,0.9903,0.92841,0.9776,0.95257,0.9754,0.95257,0.98608,0.97443,0.98793,0.93535,0.97183,0.95663,0.9776,0.90465,0.95182,0.95328,0.96998
8df469f165,2,0,137,7,0.32939,0.87779,0.02195,0.75072,0.24364,0.80346,0.18832,0.76422,0.86704,0.96379,0.75055,0.9204,0.08389,0.76282,0.79566,0.91585,0.33199,0.78264
8df469f165,3,1,222,12,0.98718,0.99448,0.98145,0.99203,0.94499,0.97628,0.9679,0.98889,0.90862,0.98238,0.5194,0.94427,0.91964,0.97262,0.9263,0.96911,0.87493,0.95666
315ae0ca4e,0,1,84,4,0.95663,0.9874,0.97241,0.98841,0.97364,0.98656,0.92736,0.97815,0.86431,0.96032,0.89181,0.96683,0.97871,0.98655,0.95041,0.97519,0.98967,0.99225
315ae0ca4e,1,1,80,3,0.98058,0.99251,0.98504,0.99203,0.98174,0.98695,0.97241,0.98552,0.92841,0.97054,0.92079,0.96888,0.97156,0.98315,0.89181,0.95144,0.98594,0.99269
315ae0ca4e,2,1,77,3,0.97595,0.99118,0.98678,0.99386,0.98145,0.98636,0.96886,0.98784,0.92841,0.97236,0.9173,0.96825,0.98594,0.98937,0.92414,0.96119,0.98831,0.99264
315ae0ca4e,3,1,73,3,0.97838,0.99186,0.98831,0.99411,0.98145,0.98733,0.97404,0.98909,0.93991,0.97595,0.92192,0.96953,0.9855,0.98853,0.93991,0.96842,0.98901,0.99355
58e6ca5485,0,1,200,10,0.93343,0.98932,0.97558,0.9954,0.98458,0.99447,0.9466,0.99161,0.98636,0.99443,0.98718,0.99377,0.94499,0.97636,0.96095,0.97546,0.96153,0.98167
58e6ca5485,1,1,225,6,0.98201,0.99214,0.96741,0.98873,0.9752,0.98766,0.97024,0.98677,0.97156,0.99071,0.9659,0.98612,0.91611,0.95262,0.93146,0.95737,0.92736,0.96156
58e6ca5485,2,0,204,6,0.96486,0.98614,0.06954,0.82719,0.8808,0.97128,0.9173,0.97624,0.84797,0.96483,0.92192,0.96775,0.83332,0.9378,0.82333,0.92574,0.9173,0.94637
58e6ca5485,3,1,201,10,0.50928,0.94579,0.99087,0.99679,0.98309,0.99406,0.74466,0.97108,0.96432,0.99094,0.97324,0.9898,0.95854,0.97861,0.95976,0.9785,0.9659,0.97934
27bfdc2f7c,0,1,94,4,0.96323,0.98465,0.93343,0.96916,0.97404,0.98455,0.96741,0.98344,0.9149,0.96676,0.82333,0.93113,0.93629,0.97253,0.85966,0.9396,0.95854,0.97438
27bfdc2f7c,1,1,87,4,0.96095,0.98408,0.93902,0.96413,0.97069,0.98346,0.96432,0.98117,0.8977,0.96129,0.86613,0.93835,0.93812,0.97481,0.78923,0.92154,0.95465,0.97617
27bfdc2f7c,2,1,109,4,0.96095,0.98376,0.94335,0.97772,0.95915,0.981,0.96153,0.98474,0.82446,0.92281,0.82894,0.93626,0.79944,0.92006,0.6325,0.84637,0.9458,0.96835
27bfdc2f7c,3,1,89,4,0.95854,0.9812,0.93902,0.96643,0.9752,0.98478,0.12592,0.73691,0.8977,0.96542,0.91848,0.95292,0.95186,0.97774,0.96838,0.9785,0.95465,0.9767
404e1413fc,0,1,82,3,0.92944,0.97239,0.93245,0.97207,0.93343,0.96778,0.9659,0.98536,0.86522,0.9441,0.85096,0.93653,0.98795,0.99058,0.9659,0.98076,0.98867,0.9934
404e1413fc,1,1,68,3,0.92414,0.97153,0.93629,0.97506,0.90731,0.95923,0.97156,0.9862,0.87831,0.94339,0.87235,0.94465,0.98867,0.99099,0.96886,0.9803,0.98901,0.99282
404e1413fc,2,1,68,3,0.93343,0.97438,0.95041,0.97667,0.93902,0.97252,0.97737,0.98957,0.88404,0.95206,0.8808,0.94925,0.98901,0.99245,0.98088,0.98764,0.99409,0.99608
404e1413fc,3,1,83,3,0.93245,0.9734,0.93721,0.97366,0.93343,0.9699,0.96095,0.98371,0.90731,0.95813,0.89625,0.95163,0.98795,0.99068,0.96486,0.98041,0.98678,0.99277
9d77dda84e,0,1,62,2,0.99331,0.99534,0.98458,0.98904,0.94251,0.95568,0.97199,0.98083,0.95397,0.96826,0.94418,0.95969,0.99242,0.99297,0.94418,0.95871,0.98028,0.98411
9d77dda84e,1,1,71,3,0.98999,0.99563,0.98594,0.99389,0.99059,0.99194,0.98935,0.9954,0.96432,0.98583,0.94815,0.97952,0.99115,0.99447,0.95186,0.97548,0.99331,0.9949
9d77dda84e,2,1,66,3,0.99265,0.99593,0.98967,0.99451,0.97443,0.98567,0.98409,0.99113,0.9679,0.9836,0.95465,0.98003,0.99524,0.99692,0.95041,0.97186,0.99351,0.99554
9d77dda84e,3,1,67,2,0.99445,0.99652,0.98309,0.98944,0.93629,0.9528,0.97967,0.98913,0.96741,0.96905,0.95728,0.97315,0.98901,0.99072,0.96036,0.97223,0.98504,0.98631
2aec842201,0,1,93,4,0.99218,0.99638,0.99409,0.99571,0.95915,0.98234,0.91964,0.97777,0.93991,0.97894,0.98967,0.99225,0.92841,0.96324,0.97241,0.98249,0.83655,0.91843
2aec842201,1,1,106,6,0.99142,0.9966,0.82104,0.96401,0.93146,0.96566,0.78399,0.94712,0.94738,0.98025,0.9836,0.99322,0.91611,0.95179,0.2728,0.77458,0.76348,0.87928
2aec842201,2,1,107,4,0.9931,0.99644,0.99218,0.99614,0.97283,0.98322,0.98409,0.99513,0.98678,0.99406,0.98636,0.99366,0.96886,0.97875,0.9752,0.98587,0.90731,0.93695
2aec842201,3,1,74,3,0.98935,0.9933,0.88243,0.95659,0.96323,0.97637,0.92414,0.96363,0.50337,0.82185,0.98256,0.98759,0.89029,0.94251,0.45302,0.76736,0.83548,0.90149
04bc2c7444,0,1,134,6,0.56194,0.90773,0.19315,0.84555,0.81989,0.93973,0.76348,0.94438,0.0542,0.75721,0.59125,0.87708,0.7178,0.92538,0.90329,0.94438,0.67061,0.8882
04bc2c7444,1,0,103,6,0.0028,0.48909,0.00218,0.40609,0.00832,0.48396,0.00308,0.51137,0.03462,0.4296,0.02096,0.45985,0.02636,0.42606,0.04743,0.47336,0.00971,0.47149
04bc2c7444,2,0,118,6,0.66541,0.91876,0.09138,0.83712,0.34422,0.81339,0.72096,0.91137,0.06465,0.81881,0.46636,0.85281,0.58889,0.8283,0.65666,0.85899,0.57272,0.82587
04bc2c7444,3,1,114,5,0.43927,0.86283,0.06465,0.7928,0.82894,0.88996,0.7074,0.91586,0.03514,0.76795,0.37205,0.79761,0.57511,0.79312,0.77999,0.88383,0.56937,0.79825
74c6e4b9d5,0,1,79,3,0.07921,0.62454,0.73564,0.86048,0.25983,0.47999,0.04603,0.61596,0.07477,0.62648,0.0248,0.40413,0.72952,0.86546,0.72331,0.82529,0.67233,0.73683
74c6e4b9d5,1,1,129,4,0.65047,0.89921,0.82559,0.94189,0.76348,0.86613,0.92736,0.96469,0.87663,0.93431,0.94892,0.96445,0.57702,0.82647,0.74317,0.82901,0.77594,0.83637
74c6e4b9d5,2,1,158,5,0.53461,0.8306,0.54771,0.83739,0.50317,0.84119,0.07477,0.78083,0.85777,0.92852,0.85872,0.94068,0.59878,0.8742,0.68088,0.85785,0.78793,0.86247
74c6e4b9d5,3,1,107,4,0.83114,0.92855,0.92523,0.96156,0.83973,0.91136,0.93812,0.96905,0.94335,0.95754,0.94079,0.9538,0.82104,0.90823,0.85966,0.89214,0.82104,0.88848
c6af2c903e,0,0,171,3,0.55881,0.77262,0.8872,0.9087,0.42393,0.73543,0.74614,0.89264,0.65047,0.76345,0.84594,0.91456,0.7074,0.75707,0.69761,0.76908,0.79182,0.84709
c6af2c903e,1,0,153,4,0.02298,0.55206,0.06954,0.6133,0.4031,0.7184,0.20947,0.74479,0.0656,0.66853,0.26284,0.77608,0.4666,0.73201,0.48822,0.80158,0.66888,0.77567
c6af2c903e,2,1,121,4,0.86883,0.92009,0.91848,0.93781,0.89029,0.92195,0.91118,0.97027,0.91611,0.96125,0.9466,0.95675,0.86339,0.89111,0.94418,0.95489,0.89181,0.92878
c6af2c903e,3,0,125,5,0.11124,0.65042,0.37571,0.81383,0.69014,0.86277,0.48877,0.78312,0.34334,0.75974,0.54722,0.7984,0.75923,0.85164,0.86339,0.92906,0.86154,0.91033
5894f503d7,0,1,63,3,0.97364,0.9864,0.92414,0.95007,0.9752,0.98213,0.89912,0.94971,0.9173,0.96622,0.92736,0.9533,0.99029,0.9939,0.96378,0.97643,0.9836,0.98996
5894f503d7,1,1,61,3,0.97199,0.9881,0.93535,0.95772,0.98058,0.9857,0.95257,0.97742,0.89181,0.96171,0.93343,0.96793,0.98999,0.9935,0.95114,0.96952,0.9659,0.97741
5894f503d7,2,1,62,3,0.97558,0.99004,0.92523,0.96151,0.97737,0.98333,0.9344,0.97531,0.92414,0.97076,0.92841,0.95333,0.99242,0.99493,0.96932,0.97964,0.95728,0.97757
5894f503d7,3,1,60,3,0.96538,0.984,0.88404,0.94232,0.96641,0.97844,0.71859,0.90127,0.87408,0.94792,0.92304,0.94784,0.98174,0.98911,0.95854,0.97139,0.97156,0.98097
0f17c9d4d6,0,0,101,7,0.99662,0.99876,0.99029,0.99691,0.97113,0.98895,0.9958,0.9981,0.99142,0.99602,0.99288,0.9959,0.98999,0.99536,0.98145,0.98771,0.96932,0.98388
0f17c9d4d6,1,1,152,8,0.95663,0.98919,0.98409,0.99614,0.9679,0.98216,0.96323,0.99218,0.9659,0.99007,0.95728,0.98675,0.97595,0.98613,0.93245,0.97038,0.94815,0.97191
0f17c9d4d6,2,0,187,9,0.22816,0.90966,0.96267,0.99179,0.82559,0.95207,0.94251,0.98341,0.3942,0.91914,0.91611,0.97931,0.83973,0.96952,0.8977,0.96346,0.88243,0.96115
0f17c9d4d6,3,1,122,6,0.32167,0.87777,0.04886,0.74938,0.21207,0.84624,0.35131,0.79889,0.31489,0.79957,0.41917,0.87088,0.63522,0.91524,0.30487,0.85092,0.78266,0.9377
f18d55fcf1,0,1,95,4,0.44143,0.85187,0.90731,0.96576,0.29503,0.76174,0.25534,0.80664,0.74317,0.90298,0.5775,0.86176,0.90465,0.94323,0.51781,0.81547,0.80928,0.9144
f18d55fcf1,1,1,84,5,0.00078,0.59225,0.0,0.59273,0.02596,0.58301,0.00025,0.58695,0.00076,0.59174,0.0017,0.68528,0.00669,0.61556,0.02065,0.60908,0.00858,0.67389
f18d55fcf1,2,1,98,4,0.86431,0.95776,0.69925,0.90504,0.77184,0.89927,0.15922,0.78199,0.72331,0.90965,0.9458,0.97365,0.89331,0.93019,0.76348,0.88597,0.89029,0.93371
f18d55fcf1,3,0,122,5,0.94738,0.98356,0.9659,0.98942,0.21734,0.70673,0.5641,0.87871,0.89331,0.95379,0.94335,0.97529,0.28299,0.7962,0.36387,0.81303,0.80069,0.90985
7017227e9c,0,1,95,4,0.00141,0.63083,0.00117,0.3021,0.09808,0.65922,0.09535,0.65924,0.09535,0.50427,0.0737,0.57502,0.34511,0.7771,0.09671,0.59322,0.40075,0.77088
7017227e9c,1,1,93,4,0.13478,0.73364,0.06755,0.4309,0.13387,0.63867,0.18011,0.69117,0.15817,0.51091,0.05262,0.5112,0.89625,0.93666,0.47414,0.78079,0.62977,0.8378
7017227e9c,2,1,103,3,0.13753,0.69561,0.26971,0.62548,0.19315,0.64251,0.44698,0.78038,0.43951,0.63894,0.20818,0.66141,0.8439,0.92815,0.44553,0.7681,0.6628,0.81999
7017227e9c,3,1,76,3,0.0542,0.61894,0.08389,0.39438,0.09808,0.58969,0.14609,0.61001,0.20562,0.48243,0.03789,0.38536,0.8706,0.92387,0.34776,0.71187,0.52123,0.76897
4d58bf747d,0,1,128,5,0.93902,0.97529,0.96432,0.98627,0.93535,0.9686,0.97595,0.99029,0.91848,0.9576,0.86793,0.94658,0.91964,0.93296,0.90991,0.94398,0.89625,0.92206
4d58bf747d,1,0,163,4,0.89912,0.96428,0.89479,0.96324,0.95854,0.97352,0.97771,0.98853,0.93629,0.97375,0.88876,0.93057,0.87408,0.92143,0.83224,0.92496,0.65489,0.82082
4d58bf747d,2,1,168,6,0.24509,0.84834,0.7773,0.94282,0.85488,0.93667,0.85391,0.95809,0.82446,0.93915,0.16996,0.78753,0.57033,0.78376,0.59643,0.83689,0.77322,0.82895
4d58bf747d,3,1,167,6,0.96378,0.98931,0.98201,0.99455,0.93535,0.97728,0.97558,0.99301,0.95976,0.98173,0.93629,0.96882,0.92414,0.95728,0.95465,0.96866,0.94499,0.95158
08b959a37f,0,1,76,2,0.97904,0.98617,0.95728,0.97139,0.92841,0.93092,0.9344,0.95792,0.9263,0.93129,0.94738,0.96272,0.97935,0.98383,0.97241,0.98036,0.97558,0.98212
08b959a37f,1,1,82,3,0.98831,0.99195,0.97283,0.98426,0.95397,0.96756,0.96432,0.9841,0.95663,0.97665,0.96153,0.97954,0.98458,0.98534,0.98117,0.98685,0.98795,0.99107
08b959a37f,2,1,67,2,0.97364,0.98279,0.92841,0.93828,0.94967,0.95249,0.94967,0.96317,0.91244,0.93865,0.93343,0.95091,0.97667,0.98038,0.98504,0.98896,0.98999,0.99314
08b959a37f,3,1,49,3,0.93046,0.9662,0.91368,0.95837,0.80441,0.91107,0.89029,0.95447,0.82671,0.93268,0.95465,0.96753,0.98088,0.98923,0.97482,0.98219,0.94251,0.97022
a906c664bb,0,1,60,2,0.93146,0.95476,0.78793,0.87385,0.87147,0.89835,0.85777,0.91423,0.90329,0.92685,0.85777,0.87773,0.84797,0.88322,0.83973,0.88302,0.79566,0.83269
a906c664bb,1,1,63,2,0.0017,0.39018,0.00247,0.44081,0.82559,0.84983,0.01282,0.3984,0.03162,0.41043,0.01799,0.15208,0.8808,0.91772,0.85294,0.87811,0.85585,0.87458
a906c664bb,2,1,58,2,0.02717,0.38591,0.622,0.75538,0.84078,0.84488,0.46077,0.63917,0.31069,0.54332,0.03162,0.14127,0.85872,0.88168,0.80317,0.84898,0.82783,0.86057
a906c664bb,3,1,69,2,0.98028,0.98043,0.96153,0.96589,0.88243,0.88712,0.96095,0.96393,0.96036,0.96869,0.90329,0.91372,0.94499,0.95519,0.95976,0.96477,0.88876,0.90961
b476c01e6e,0,1,154,6,0.86971,0.96702,0.88243,0.93362,0.93721,0.96205,0.12421,0.81259,0.87493,0.95872,0.52147,0.89192,0.80685,0.92149,0.86704,0.94697,0.76348,0.89726
b476c01e6e,1,0,149,9,0.00506,0.82011,0.00858,0.83733,0.04085,0.83833,0.0016,0.76373,0.05262,0.84602,0.02636,0.78518,0.02518,0.73272,0.25683,0.84159,0.21867,0.83763
b476c01e6e,2,1,131,6,0.02162,0.60237,0.3522,0.69906,0.68763,0.88489,0.01826,0.65057,0.04814,0.71277,0.13846,0.65924,0.13569,0.70378,0.19806,0.70863,0.11596,0.72137
b476c01e6e,3,1,150,6,0.37571,0.88186,0.72409,0.89006,0.91368,0.94707,0.24221,0.78443,0.88243,0.95565,0.64958,0.88544,0.75347,0.90665,0.89331,0.94814,0.81405,0.89963
d0006e7cb1,0,1,137,5,0.99115,0.99577,0.98174,0.98886,0.93991,0.96609,0.97443,0.9904,0.97241,0.98474,0.94335,0.96395,0.86522,0.91409,0.84078,0.92366,0.84797,0.91398
d0006e7cb1,1,1,149,8,0.02636,0.82762,0.50781,0.92068,0.86793,0.9587,0.78399,0.968,0.61786,0.93348,0.54988,0.91693,0.69347,0.84486,0.37388,0.83129,0.81523,0.90405
d0006e7cb1,2,0,110,5,0.8872,0.96548,0.98256,0.99051,0.88563,0.93796,0.9149,0.9663,0.89912,0.95413,0.44143,0.82722,0.68595,0.87064,0.84183,0.92135,0.62704,0.86913
d0006e7cb1,3,1,91,4,0.97113,0.98647,0.93146,0.97427,0.93902,0.95791,0.94815,0.96189,0.92192,0.9466,0.60766,0.86847,0.73564,0.87117,0.86247,0.93231,0.92192,0.95271
2fc8bafb0c,0,1,69,5,0.73106,0.94335,0.10088,0.79244,0.97113,0.97998,0.6072,0.90544,0.71622,0.87786,0.61231,0.91054,0.94815,0.98179,0.96267,0.97926,0.96323,0.98339
2fc8bafb0c,1,1,76,5,0.76629,0.95114,0.19806,0.82541,0.96378,0.97679,0.68426,0.92646,0.77999,0.90702,0.21867,0.83198,0.94251,0.97198,0.92736,0.95911,0.96378,0.97603
2fc8bafb0c,2,1,69,3,0.93245,0.97615,0.84286,0.93965,0.87408,0.92255,0.9263,0.97023,0.93721,0.9626,0.81989,0.91032,0.92079,0.95711,0.9458,0.95986,0.96486,0.96705
2fc8bafb0c,3,1,47,2,0.63703,0.81436,0.06098,0.47563,0.90599,0.91224,0.32424,0.64972,0.41206,0.69285,0.14415,0.5429,0.9679,0.97575,0.96153,0.9712,0.91611,0.93469
d450d94e73,0,1,109,4,0.79182,0.94505,0.98256,0.99154,0.94892,0.97371,0.88243,0.96209,0.90329,0.9569,0.87235,0.95711,0.95465,0.97975,0.95791,0.98088,0.96979,0.98547
d450d94e73,1,1,103,4,0.56049,0.88636,0.9752,0.98652,0.93629,0.96522,0.86247,0.95283,0.93046,0.96047,0.93146,0.96805,0.95397,0.97863,0.95976,0.97397,0.97113,0.98069
d450d94e73,2,0,75,2,0.89912,0.946,0.98088,0.98543,0.56937,0.75594,0.85488,0.8884,0.79438,0.88874,0.67147,0.81592,0.95663,0.97403,0.08756,0.53975,0.24077,0.6089
d450d94e73,3,1,65,2,0.69596,0.83899,0.91611,0.93794,0.9173,0.94443,0.87915,0.92173,0.80069,0.82779,0.89912,0.93061,0.93343,0.9437,0.95186,0.95888,0.94967,0.96638
a59a59f041,0,1,82,4,0.97631,0.99216,0.96153,0.98196,0.98117,0.98459,0.79053,0.92436,0.55109,0.88165,0.95397,0.98026,0.97631,0.99038,0.96691,0.98054,0.98718,0.99206
a59a59f041,1,1,59,2,0.93991,0.9665,0.8872,0.93082,0.91118,0.91364,0.91244,0.94382,0.2822,0.62812,0.91611,0.9434,0.97404,0.97654,0.9466,0.95749,0.92944,0.93333
a59a59f041,2,1,64,3,0.90731,0.96612,0.89625,0.95671,0.90862,0.95305,0.78399,0.91717,0.06009,0.67591,0.91964,0.95955,0.97595,0.98609,0.95397,0.96415,0.92079,0.95787
a59a59f041,3,1,71,2,0.95728,0.97715,0.90329,0.94504,0.93991,0.95508,0.93721,0.95933,0.30157,0.64258,0.92304,0.9502,0.96932,0.973,0.92523,0.95441,0.97241,0.98164
05e339d26e,0,1,79,3,0.91611,0.96944,0.97024,0.98834,0.91611,0.95864,0.79944,0.9322,0.83114,0.94005,0.83114,0.94007,0.82219,0.93072,0.75347,0.91204,0.9149,0.9625
05e339d26e,1,1,79,4,0.91244,0.97631,0.97998,0.99458,0.95397,0.97991,0.83114,0.95728,0.82894,0.95508,0.84286,0.95856,0.8706,0.96125,0.82783,0.95272,0.95041,0.98195
05e339d26e,2,1,100,3,0.87663,0.95717,0.94892,0.98246,0.85391,0.94448,0.68257,0.89373,0.81287,0.93486,0.84997,0.94635,0.60813,0.86082,0.70497,0.89785,0.8872,0.95443
05e339d26e,3,1,96,3,0.94251,0.97862,0.94418,0.98006,0.96932,0.97978,0.70335,0.90019,0.84594,0.94582,0.82894,0.93959,0.79819,0.9236,0.84183,0.94255,0.86339,0.94569
001e2190dc,0,1,163,7,0.98935,0.99698,0.80069,0.96318,0.97364,0.98606,0.99115,0.99619,0.96267,0.98898,0.97443,0.98759,0.75347,0.9514,0.95532,0.98045,0.95728,0.98527
001e2190dc,1,0,229,10,0.98309,0.99665,0.96211,0.9892,0.96838,0.98867,0.98088,0.99618,0.96323,0.99295,0.97702,0.99247,0.97199,0.98909,0.96153,0.9789,0.96979,0.98547
001e2190dc,2,0,131,6,0.98901,0.99645,0.81989,0.92993,0.5494,0.91142,0.95663,0.9845,0.88243,0.96726,0.96095,0.97972,0.97595,0.98951,0.98174,0.98498,0.9466,0.98362
001e2190dc,3,1,106,5,0.96838,0.98857,0.92736,0.97958,0.97631,0.98804,0.97871,0.99043,0.90991,0.97359,0.96153,0.97694,0.98757,0.99422,0.9836,0.9883,0.9836,0.99219
2648f668c0,0,0,153,5,0.98088,0.99221,0.96323,0.98366,0.97283,0.98188,0.96378,0.98843,0.97631,0.98733,0.95397,0.9786,0.91848,0.96893,0.95328,0.96578,0.89181,0.93754
2648f668c0,1,0,126,5,0.49986,0.89083,0.44167,0.87449,0.89181,0.94659,0.87915,0.95841,0.86431,0.95424,0.86971,0.93658,0.84286,0.92894,0.68931,0.88403,0.62977,0.83704
2648f668c0,2,0,144,7,0.98117,0.99467,0.96538,0.98938,0.97283,0.98403,0.97113,0.9901,0.97241,0.99056,0.96323,0.98508,0.96211,0.97792,0.96211,0.97421,0.89479,0.96223
2648f668c0,3,0,130,4,0.93245,0.97596,0.92841,0.97022,0.94892,0.96937,0.70821,0.91555,0.96691,0.97492,0.92736,0.95405,0.96323,0.96769,0.9263,0.94877,0.83973,0.88642
55b8e42ff4,0,1,74,3,0.97113,0.98363,0.92079,0.96518,0.83441,0.91948,0.68426,0.88706,0.94892,0.97047,0.82671,0.92552,0.96323,0.97219,0.96538,0.97077,0.97024,0.9787
55b8e42ff4,1,1,70,3,0.97199,0.98378,0.94967,0.96664,0.85488,0.9319,0.51257,0.82826,0.94967,0.96951,0.83548,0.93023,0.96323,0.97359,0.96323,0.97043,0.9679,0.97628
55b8e42ff4,2,1,66,3,0.97364,0.98484,0.94738,0.96645,0.82894,0.92226,0.43638,0.79941,0.95257,0.96952,0.82446,0.92402,0.9466,0.96598,0.96267,0.9719,0.96267,0.97445
55b8e42ff4,3,1,66,3,0.97364,0.98493,0.95257,0.97682,0.82671,0.92129,0.44167,0.80083,0.95257,0.97021,0.81048,0.91974,0.9466,0.96566,0.96267,0.97111,0.95854,0.97086
6f7ea99556,0,0,122,5,0.89912,0.96251,0.84492,0.93073,0.80194,0.88903,0.68088,0.90788,0.02717,0.79504,0.67576,0.92496,0.74167,0.87722,0.9173,0.93486,0.85195,0.90283
6f7ea99556,1,0,215,5,0.0145,0.72084,0.03462,0.76221,0.51733,0.80174,0.09269,0.74134,0.01496,0.59185,0.18832,0.655,0.49265,0.71874,0.5194,0.76792,0.40404,0.7302
6f7ea99556,2,0,103,3,0.19315,0.72493,0.96153,0.97915,0.83114,0.87075,0.92414,0.97196,0.9752,0.98039,0.86704,0.94643,0.79693,0.84537,0.90731,0.91512,0.84997,0.87318
6f7ea99556,3,1,130,3,0.74909,0.90745,0.79566,0.90746,0.59784,0.79044,0.90731,0.95374,0.73029,0.87177,0.77999,0.87539,0.75923,0.82817,0.75347,0.83054,0.70902,0.77775
f0d59e71f0,0,1,79,5,0.97998,0.99392,0.94967,0.98687,0.95257,0.97635,0.96691,0.99029,0.97024,0.99118,0.94892,0.98508,0.9659,0.98278,0.9466,0.97831,0.98145,0.98996
f0d59e71f0,1,1,78,4,0.99242,0.99725,0.98256,0.99436,0.96486,0.97422,0.96153,0.98828,0.97631,0.99165,0.95663,0.98464,0.97967,0.98469,0.97595,0.98654,0.98594,0.99071
f0d59e71f0,2,0,92,4,0.99142,0.99641,0.96432,0.98532,0.96538,0.9728,0.97069,0.99032,0.97324,0.99157,0.96095,0.98862,0.93902,0.97525,0.93146,0.97401,0.96036,0.98552
f0d59e71f0,3,1,82,5,0.98058,0.99519,0.97024,0.99279,0.96432,0.97642,0.94079,0.98535,0.96979,0.99083,0.95114,0.986,0.97113,0.98411,0.96741,0.98518,0.98256,0.99045
55f2cb4338,0,0,105,5,0.97631,0.98885,0.9659,0.98216,0.83973,0.92606,0.71542,0.92702,0.93902,0.96822,0.81405,0.92557,0.80563,0.93139,0.84696,0.90781,0.61509,0.83877
55f2cb4338,1,0,93,4,0.09947,0.74407,0.90731,0.93754,0.3407,0.7997,0.52086,0.75396,0.02801,0.66563,0.03068,0.56705,0.77046,0.88511,0.45278,0.75154,0.1394,0.65377
55f2cb4338,2,0,127,5,0.97702,0.99083,0.97241,0.98833,0.84183,0.93889,0.64512,0.91773,0.8606,0.95218,0.8872,0.94535,0.90991,0.93486,0.8872,0.9316,0.80563,0.86238
55f2cb4338,3,0,85,4,0.94335,0.97473,0.95397,0.97162,0.75636,0.90802,0.68426,0.87463,0.94418,0.95642,0.77865,0.88474,0.85681,0.94741,0.83655,0.91777,0.66888,0.82594
386d5ebe2f,0,1,100,6,0.93535,0.98717,0.90465,0.96464,0.94418,0.97594,0.57559,0.92491,0.94335,0.98408,0.93812,0.97791,0.98594,0.99419,0.97871,0.98661,0.96741,0.98547
386d5ebe2f,1,1,128,4,0.94251,0.98479,0.93245,0.98131,0.94499,0.97584,0.96691,0.98541,0.94967,0.983,0.9458,0.97489,0.94738,0.98384,0.93535,0.97105,0.90862,0.96518
386d5ebe2f,2,1,96,4,0.89912,0.97111,0.93146,0.95873,0.94815,0.9727,0.71463,0.90727,0.90053,0.95184,0.90465,0.95026,0.95976,0.97927,0.93046,0.95924,0.92414,0.96271
386d5ebe2f,3,1,99,5,0.92841,0.9845,0.96095,0.99101,0.94418,0.98187,0.96886,0.9902,0.91368,0.98,0.91964,0.97653,0.99142,0.99647,0.96153,0.98254,0.94815,0.98689
c22024a177,0,0,145,5,0.36026,0.86531,0.21601,0.83759,0.07586,0.80228,0.05835,0.799,0.18477,0.80993,0.75923,0.9305,0.04209,0.75801,0.67061,0.87396,0.08036,0.76638
c22024a177,1,0,130,4,0.97241,0.98575,0.97667,0.98831,0.92736,0.9688,0.93991,0.96731,0.82446,0.93813,0.95663,0.97628,0.91244,0.94751,0.90731,0.94342,0.87997,0.92797
c22024a177,2,0,512,,,,,,,,,,,,,,,,,,,
c22024a177,3,0,90,3,0.31153,0.75578,0.40733,0.78949,0.63432,0.87097,0.80685,0.91869,0.36387,0.72322,0.27904,0.7155,0.22406,0.69545,0.90053,0.93188,0.55833,0.77806
b3cf5970b2,0,1,109,3,0.97199,0.98598,0.9458,0.96158,0.9173,0.96066,0.65313,0.87147,0.9466,0.96472,0.93991,0.96409,0.90862,0.94637,0.93902,0.96217,0.86793,0.91925
b3cf5970b2,1,1,143,6,0.97771,0.99235,0.9659,0.98915,0.77594,0.9487,0.98088,0.99421,0.97482,0.9876,0.94499,0.97849,0.9466,0.96574,0.9344,0.96835,0.90731,0.96156
b3cf5970b2,2,1,134,5,0.93812,0.97917,0.83441,0.95438,0.84183,0.95939,0.46612,0.88481,0.93902,0.97274,0.89181,0.96214,0.78662,0.93385,0.87997,0.95765,0.92736,0.96969
b3cf5970b2,3,1,112,2,0.96691,0.9799,0.92304,0.95585,0.92304,0.93745,0.96267,0.97873,0.92841,0.95904,0.93535,0.94251,0.8872,0.9161,0.83655,0.84951,0.84492,0.8582
5c84fc3a60,0,1,134,3,0.97241,0.98418,0.97156,0.98603,0.96932,0.97882,0.96838,0.97606,0.95114,0.96321,0.94892,0.9612,0.9344,0.95588,0.89912,0.92768,0.80807,0.89681
5c84fc3a60,1,1,160,5,0.98458,0.9929,0.97558,0.98701,0.86613,0.96422,0.97771,0.98891,0.97283,0.98453,0.96432,0.98049,0.98256,0.98737,0.96036,0.96911,0.84997,0.94947
5c84fc3a60,2,1,121,4,0.97482,0.98641,0.97364,0.98721,0.95854,0.98309,0.95598,0.97543,0.95915,0.96635,0.95598,0.95965,0.96979,0.97779,0.9149,0.95187,0.76769,0.90602
5c84fc3a60,3,1,117,4,0.0656,0.74956,0.02162,0.74024,0.14706,0.7645,0.00069,0.72997,0.08882,0.73987,0.3826,0.7977,0.00669,0.59167,0.45665,0.78634,0.31153,0.72412
35819741e2,0,1,96,5,0.97702,0.99341,0.9659,0.9877,0.97241,0.98084,0.96486,0.98885,0.97283,0.98676,0.96538,0.98252,0.97702,0.98111,0.98678,0.98845,0.9679,0.9832
35819741e2,1,1,93,5,0.98256,0.99492,0.91964,0.98233,0.97156,0.98181,0.95532,0.98943,0.94079,0.9858,0.93046,0.97931,0.98867,0.99186,0.96486,0.98516,0.93535,0.98072
35819741e2,2,1,82,4,0.97199,0.9871,0.9149,0.97513,0.9679,0.9785,0.95791,0.98501,0.93343,0.97999,0.90599,0.96239,0.98901,0.99312,0.98831,0.99225,0.98901,0.99244
35819741e2,3,1,83,4,0.97241,0.98749,0.92079,0.97671,0.9659,0.97876,0.95728,0.98641,0.93991,0.98175,0.90599,0.96295,0.98409,0.99116,0.98757,0.99189,0.98867,0.99253
80aca3ab08,0,1,130,3,0.92304,0.97234,0.90731,0.96653,0.86883,0.92442,0.73867,0.91129,0.92304,0.96772,0.78662,0.91726,0.92523,0.94913,0.9149,0.93798,0.87579,0.91936
80aca3ab08,1,0,144,7,0.3407,0.87966,0.33546,0.85198,0.53777,0.87939,0.5448,0.90691,0.80441,0.94351,0.77184,0.91341,0.84897,0.91448,0.85681,0.93385,0.8808,0.9431
80aca3ab08,2,1,114,3,0.93245,0.97127,0.90192,0.96087,0.86613,0.93069,0.65401,0.87501,0.89331,0.95577,0.78266,0.90443,0.8606,0.91888,0.83441,0.90461,0.83655,0.85187
80aca3ab08,3,1,158,5,0.92736,0.98241,0.72487,0.93465,0.66801,0.91778,0.41442,0.86951,0.82333,0.95406,0.78266,0.93732,0.91848,0.96426,0.88404,0.94704,0.73106,0.88332
bb15962871,0,1,157,9,0.46587,0.93739,0.00146,0.76177,0.81641,0.95742,0.04209,0.85412,0.92841,0.97568,0.92944,0.97821,0.75491,0.9546,0.93721,0.97089,0.9659,0.98091
bb15962871,1,1,188,9,0.8977,0.97983,0.90991,0.97324,0.22816,0.88156,0.07808,0.86795,0.89331,0.97154,0.39654,0.90251,0.81168,0.95279,0.89029,0.96314,0.79438,0.9562
bb15962871,2,1,123,8,0.97904,0.99341,0.92841,0.98213,0.9344,0.98281,0.96979,0.99203,0.94499,0.97545,0.95915,0.98383,0.96641,0.97948,0.97364,0.98133,0.9836,0.98895
bb15962871,3,0,133,9,0.00076,0.87392,0.00088,0.86624,0.68257,0.92941,0.01033,0.87958,0.04672,0.85467,0.0164,0.86687,0.87321,0.96583,0.73029,0.94725,0.34246,0.89718
dbfdc8de96,0,1,151,6,0.9173,0.97655,0.90329,0.97106,0.34158,0.87624,0.94165,0.97988,0.96838,0.98958,0.92414,0.97084,0.83004,0.96192,0.93245,0.97287,0.17217,0.84351
dbfdc8de96,1,1,125,5,0.79819,0.94041,0.9263,0.96837,0.97283,0.98303,0.78531,0.95388,0.93902,0.98442,0.92523,0.97114,0.9263,0.97997,0.89625,0.97165,0.92944,0.96819
dbfdc8de96,2,1,144,7,0.93343,0.98741,0.91611,0.97703,0.95791,0.98006,0.91611,0.98497,0.94251,0.98623,0.92944,0.97387,0.96095,0.98386,0.91244,0.97116,0.92414,0.97067
dbfdc8de96,3,1,105,5,0.37205,0.85942,0.88563,0.96378,0.90053,0.96421,0.93629,0.983,0.94499,0.98194,0.95186,0.96749,0.94892,0.9774,0.91118,0.96382,0.81287,0.92455
f5deed6b0d,0,1,86,2,0.97998,0.98057,0.94251,0.94754,0.91611,0.92013,0.8606,0.89012,0.82894,0.83275,0.86247,0.87122,0.91368,0.94713,0.96979,0.97131,0.97364,0.97887
f5deed6b0d,1,1,102,3,0.98967,0.99267,0.95976,0.97301,0.97443,0.977,0.95976,0.97988,0.91118,0.95623,0.92523,0.95179,0.98174,0.9902,0.97024,0.98203,0.98867,0.99213
f5deed6b0d,2,1,80,2,0.97904,0.98204,0.95328,0.96176,0.93046,0.93243,0.89625,0.91938,0.86883,0.89365,0.90053,0.90326,0.94335,0.96752,0.97156,0.973,0.98117,0.98213
f5deed6b0d,3,1,95,5,0.98088,0.99327,0.97156,0.98706,0.9659,0.97683,0.97364,0.98695,0.91368,0.97299,0.93146,0.97094,0.9149,0.96559,0.96323,0.97744,0.98831,0.99301
5a65b55981,0,1,106,4,0.98831,0.99445,0.96538,0.97945,0.94251,0.96635,0.96838,0.98795,0.98028,0.98947,0.93902,0.97017,0.97904,0.98685,0.94892,0.97628,0.93146,0.96923
5a65b55981,1,1,95,4,0.98201,0.99303,0.97805,0.98659,0.93812,0.96298,0.9659,0.98626,0.96323,0.98584,0.9263,0.96785,0.97771,0.98847,0.94335,0.97597,0.93991,0.97103
5a65b55981,2,1,77,2,0.12765,0.166,0.04402,0.50801,0.34687,0.63712,0.16776,0.34943,0.13029,0.55743,0.33808,0.64951,0.76908,0.87323,0.51349,0.74472,0.45908,0.70786
5a65b55981,3,1,173,7,0.95257,0.98317,0.96095,0.98302,0.60627,0.8833,0.52354,0.88597,0.94165,0.97882,0.89029,0.96048,0.48987,0.88064,0.5665,0.85831,0.64691,0.90461
b91e6ca8e8,0,0,245,12,0.55326,0.94895,0.41395,0.88897,0.71143,0.93919,0.80194,0.9601,0.20689,0.83878,0.50087,0.93047,0.69596,0.88901,0.59925,0.89135,0.72331,0.9079
b91e6ca8e8,1,1,406,21,0.01205,0.71854,0.12337,0.71258,0.01542,0.60946,0.0042,0.72812,0.0248,0.66581,0.06279,0.80801,0.03259,0.5995,0.06009,0.51162,0.03622,0.67069
b91e6ca8e8,2,0,182,6,0.0542,0.66023,0.10669,0.61016,0.29911,0.68122,0.13207,0.54713,0.14904,0.54009,0.20056,0.70747,0.12421,0.39927,0.03309,0.35633,0.0164,0.44113
b91e6ca8e8,3,0,512,,,,,,,,,,,,,,,,,,,
9dd0431e96,0,1,69,3,0.86613,0.92401,0.91118,0.94978,0.87408,0.91921,0.57224,0.79888,0.92523,0.96071,0.19931,0.70413,0.96211,0.97557,0.87915,0.93738,0.67319,0.85612
9dd0431e96,1,1,50,2,0.88243,0.9254,0.94967,0.95854,0.87408,0.90072,0.65401,0.78066,0.94335,0.95586,0.09535,0.48341,0.98718,0.98775,0.95663,0.96152,0.73564,0.83502
9dd0431e96,2,1,59,2,0.83004,0.90059,0.91244,0.94243,0.82104,0.84538,0.22542,0.56766,0.92944,0.95232,0.16132,0.52581,0.97283,0.9751,0.93812,0.94314,0.74466,0.83855
9dd0431e96,3,1,61,2,0.87997,0.89025,0.94251,0.94494,0.89912,0.90515,0.35309,0.6232,0.92523,0.92981,0.13387,0.52438,0.98117,0.98437,0.91964,0.9403,0.77458,0.86393
b8bf5ec3b1,0,1,103,3,0.00555,0.65063,0.23371,0.71144,0.52622,0.80669,0.14034,0.55792,0.02976,0.61277,0.04209,0.62995,0.82894,0.88883,0.76065,0.84147,0.25983,0.6522
b8bf5ec3b1,1,0,120,4,0.98458,0.99097,0.96267,0.97749,0.91118,0.9557,0.80928,0.92889,0.93902,0.96868,0.9458,0.97022,0.9149,0.95415,0.8977,0.92752,0.92304,0.94051
b8bf5ec3b1,2,1,130,3,0.96432,0.98472,0.96486,0.98179,0.95532,0.9701,0.84594,0.9418,0.90862,0.95445,0.92736,0.95377,0.9173,0.94717,0.85488,0.89663,0.91964,0.9389
b8bf5ec3b1,3,0,140,5,0.98201,0.99252,0.97838,0.99215,0.84797,0.96188,0.9149,0.97712,0.94815,0.98254,0.96095,0.98651,0.90731,0.94696,0.89331,0.93595,0.94251,0.96588
3b3aad814c,0,1,62,3,0.87493,0.94901,0.81287,0.91954,0.8439,0.9276,0.86431,0.9363,0.87831,0.93436,0.84696,0.90274,0.81287,0.92383,0.94967,0.97358,0.94335,0.97274
3b3aad814c,1,1,67,3,0.87997,0.95552,0.92523,0.96199,0.83762,0.91465,0.91848,0.9505,0.96036,0.97528,0.89181,0.93733,0.83655,0.93009,0.95915,0.97768,0.88876,0.94
3b3aad814c,2,1,51,3,0.8872,0.95305,0.76348,0.89973,0.92079,0.95822,0.78662,0.91295,0.89331,0.93594,0.73867,0.86717,0.9836,0.99031,0.9855,0.98926,0.97838,0.98677
3b3aad814c,3,1,70,3,0.86431,0.94565,0.89331,0.94693,0.83868,0.91282,0.86971,0.91417,0.9173,0.95619,0.88404,0.92569,0.88876,0.94485,0.92079,0.95351,0.87321,0.93664
beff955d23,0,1,149,8,0.96036,0.98694,0.93146,0.98552,0.77594,0.95529,0.95465,0.98474,0.29829,0.90871,0.92304,0.98105,0.93245,0.97373,0.91244,0.9568,0.64423,0.9322
beff955d23,1,1,155,5,0.97069,0.98844,0.88243,0.97354,0.88876,0.96883,0.92523,0.98098,0.70821,0.93818,0.93902,0.9758,0.8977,0.9622,0.81757,0.93678,0.75779,0.92104
beff955d23,2,1,159,5,0.96932,0.98888,0.93343,0.98372,0.93629,0.97945,0.94892,0.9844,0.63703,0.924,0.95397,0.98046,0.91611,0.96275,0.85195,0.93823,0.80807,0.94015
beff955d23,3,1,101,4,0.20307,0.70567,0.3675,0.79289,0.72096,0.7829,0.06188,0.58107,0.14128,0.67701,0.13387,0.57899,0.81168,0.87085,0.40122,0.61933,0.23231,0.56858
cd55c3d900,0,1,139,6,0.96153,0.99041,0.96378,0.98904,0.96378,0.98376,0.84286,0.9646,0.92079,0.97582,0.94165,0.97282,0.83548,0.94565,0.87831,0.95222,0.93629,0.97103
cd55c3d900,1,1,119,5,0.94892,0.98,0.94892,0.97612,0.97324,0.98616,0.95915,0.98433,0.8872,0.94014,0.9458,0.96519,0.90731,0.96645,0.89912,0.965,0.93991,0.98107
cd55c3d900,2,1,132,6,0.91848,0.97726,0.47573,0.89378,0.95114,0.9824,0.77458,0.95605,0.84286,0.94603,0.91244,0.96978,0.77594,0.95,0.83332,0.95511,0.92841,0.97948
cd55c3d900,3,1,98,5,0.92304,0.97232,0.89181,0.9526,0.95976,0.98517,0.93629,0.97647,0.72174,0.86911,0.89912,0.95827,0.90192,0.95624,0.92736,0.96674,0.96378,0.98541
ab41dfff30,0,1,61,3,0.9752,0.98801,0.95465,0.97034,0.94738,0.96733,0.89331,0.95945,0.9458,0.96805,0.94165,0.96621,0.98867,0.99226,0.98256,0.98465,0.98504,0.99125
ab41dfff30,1,1,90,5,0.98967,0.99681,0.95397,0.9856,0.96886,0.98372,0.89479,0.97664,0.96979,0.98497,0.95114,0.98079,0.99242,0.99627,0.98256,0.98991,0.99029,0.99546
ab41dfff30,2,1,82,3,0.98504,0.99232,0.93245,0.97157,0.96932,0.97646,0.75491,0.91293,0.94251,0.96075,0.94079,0.96181,0.98901,0.99231,0.97967,0.98114,0.99168,0.99348
ab41dfff30,3,1,83,3,0.98117,0.9906,0.90991,0.96049,0.94738,0.95749,0.74762,0.88268,0.92736,0.94898,0.93245,0.95897,0.9855,0.99009,0.97364,0.97657,0.98757,0.9897
eee033355f,0,1,91,4,0.98028,0.99427,0.95114,0.98539,0.98594,0.98862,0.93902,0.98359,0.96838,0.98842,0.95663,0.98105,0.96036,0.98051,0.94165,0.96505,0.98058,0.99015
eee033355f,1,1,87,4,0.97737,0.9932,0.94815,0.98373,0.98088,0.98416,0.9173,0.97785,0.96378,0.98633,0.95114,0.97894,0.93146,0.9607,0.87147,0.91555,0.97199,0.98073
eee033355f,2,1,89,4,0.97935,0.99377,0.95728,0.98578,0.97702,0.98265,0.91964,0.9783,0.96378,0.98696,0.95791,0.98168,0.9263,0.96115,0.91368,0.94605,0.96691,0.98269
eee033355f,3,1,86,4,0.88243,0.96248,0.95976,0.98632,0.97404,0.98299,0.90599,0.97009,0.94892,0.97427,0.95186,0.97945,0.88563,0.95791,0.82333,0.90837,0.95791,0.98294
533d31d1ac,0,1,56,3,0.93535,0.96668,0.77999,0.89598,0.95976,0.97206,0.37984,0.75923,0.7773,0.87456,0.9263,0.94921,0.96641,0.98136,0.98058,0.98416,0.94892,0.97169
533d31d1ac,1,1,80,2,0.72487,0.83976,0.68931,0.80024,0.80441,0.87126,0.54311,0.73417,0.80194,0.87505,0.92736,0.93852,0.87748,0.90545,0.92414,0.93332,0.90599,0.90921
533d31d1ac,2,1,73,3,0.96323,0.98037,0.86431,0.95076,0.96932,0.97611,0.5402,0.83332,0.90192,0.93748,0.93812,0.96318,0.97283,0.98186,0.96378,0.97895,0.96095,0.97711
533d31d1ac,3,1,74,3,0.96095,0.97959,0.82219,0.93242,0.94738,0.9611,0.43854,0.79806,0.83868,0.91596,0.93721,0.95711,0.96979,0.97758,0.96211,0.97504,0.9466,0.9682
72b638d89e,0,1,81,3,0.9855,0.99308,0.98088,0.98962,0.95663,0.97563,0.98409,0.99304,0.94815,0.98063,0.92414,0.96684,0.98718,0.99055,0.98504,0.98534,0.96153,0.97636
72b638d89e,1,1,79,3,0.98117,0.99085,0.97935,0.98903,0.94165,0.97259,0.9836,0.99271,0.92944,0.97408,0.91964,0.96506,0.98935,0.99183,0.98678,0.98863,0.98409,0.98808
72b638d89e,2,1,83,3,0.97935,0.98901,0.9752,0.98473,0.94251,0.97193,0.97667,0.98789,0.9344,0.97437,0.92736,0.96629,0.9855,0.98994,0.97771,0.98488,0.98174,0.98719
72b638d89e,3,1,79,3,0.98309,0.99019,0.97904,0.98563,0.97737,0.98536,0.98458,0.99246,0.94079,0.97652,0.9344,0.96889,0.98935,0.99126,0.98867,0.99085,0.98594,0.99013
0481b3beea,0,1,68,3,0.98174,0.98575,0.96267,0.96601,0.95328,0.97572,0.77865,0.88767,0.92523,0.961,0.95397,0.96715,0.98504,0.98971,0.97631,0.98084,0.97998,0.98319
0481b3beea,1,1,73,3,0.98831,0.99176,0.96486,0.97458,0.92304,0.95367,0.90329,0.95272,0.94251,0.96927,0.95728,0.96806,0.98058,0.98528,0.95728,0.96634,0.96691,0.97151
0481b3beea,2,1,69,3,0.98967,0.99423,0.96641,0.98313,0.93991,0.96545,0.9679,0.9852,0.94967,0.97645,0.95791,0.96704,0.98795,0.99078,0.91848,0.95199,0.96741,0.97661
0481b3beea,3,1,72,3,0.98757,0.9909,0.96378,0.97376,0.90053,0.94521,0.90862,0.95106,0.93902,0.96739,0.95532,0.96582,0.97443,0.98305,0.96538,0.97011,0.9659,0.97114
280977ce54,0,1,58,2,0.90731,0.94763,0.81641,0.89482,0.70089,0.77084,0.90862,0.94847,0.71859,0.83662,0.76489,0.8654,0.86704,0.89613,0.79566,0.83699,0.88243,0.88934
280977ce54,1,1,110,4,0.65842,0.90903,0.9149,0.97268,0.22135,0.72628,0.76629,0.93553,0.69513,0.91351,0.62062,0.89525,0.55399,0.82598,0.77458,0.82965,0.82104,0.87104
280977ce54,2,1,60,3,0.38122,0.78281,0.49896,0.80767,0.70089,0.83477,0.2822,0.73999,0.66628,0.86384,0.22816,0.6824,0.15003,0.67515,0.30157,0.70778,0.59831,0.79924
280977ce54,3,0,51,2,0.11437,0.55351,0.45399,0.72365,0.12085,0.49747,0.70982,0.84342,0.08036,0.5327,0.10521,0.5259,0.60673,0.79335,0.71701,0.84196,0.45399,0.70257
3182276ffa,0,0,121,6,0.06279,0.56586,0.04743,0.53168,0.02844,0.59751,0.14034,0.647,0.09401,0.65288,0.36297,0.72732,0.83762,0.89749,0.62795,0.8618,0.6478,0.87792
3182276ffa,1,1,137,6,0.01744,0.60689,0.14319,0.73625,0.3863,0.77697,0.41727,0.78008,0.28458,0.81407,0.19437,0.71811,0.80807,0.90513,0.87321,0.92471,0.77046,0.92343
3182276ffa,2,0,134,8,0.07696,0.76091,0.10088,0.85843,0.71223,0.90142,0.22135,0.84122,0.02002,0.7355,0.18713,0.77555,0.51251,0.80268,0.41917,0.75206,0.50394,0.89106
3182276ffa,3,1,132,6,0.03359,0.4822,0.00247,0.42747,0.12085,0.53573,0.03162,0.52312,0.05185,0.45877,0.10088,0.55182,0.10669,0.53878,0.49623,0.71528,0.51586,0.73772
570c937186,0,1,160,3,0.77322,0.91499,0.96691,0.98196,0.86247,0.91407,0.96378,0.98408,0.89479,0.93633,0.88404,0.92893,0.79182,0.85387,0.87915,0.92646,0.84897,0.89903
570c937186,1,1,171,9,0.85195,0.97568,0.9466,0.98484,0.66715,0.93498,0.47414,0.9296,0.28299,0.86664,0.94165,0.98249,0.87408,0.92124,0.94418,0.9801,0.93991,0.96848
570c937186,2,1,179,8,0.92414,0.98652,0.9263,0.98787,0.86971,0.96591,0.98174,0.99463,0.90731,0.95763,0.85294,0.9693,0.86431,0.92646,0.96691,0.97845,0.94335,0.95911
570c937186,3,1,180,10,0.91964,0.98796,0.81989,0.9794,0.83004,0.96433,0.96641,0.99231,0.91848,0.97512,0.82104,0.97115,0.83004,0.93808,0.94418,0.98022,0.93146,0.96873
43d7ddc7db,0,1,115,5,0.90192,0.97753,0.92736,0.97422,0.89479,0.9571,0.87831,0.97181,0.70335,0.92475,0.90053,0.96756,0.96432,0.9792,0.93245,0.96817,0.97364,0.98101
43d7ddc7db,1,0,122,5,0.98935,0.99475,0.96538,0.98393,0.9263,0.95173,0.99168,0.99405,0.96538,0.98065,0.95854,0.983,0.93146,0.96582,0.89479,0.95622,0.95397,0.97793
43d7ddc7db,2,1,142,6,0.66367,0.93919,0.93146,0.96719,0.97024,0.97832,0.93245,0.98257,0.84897,0.96397,0.95854,0.98233,0.95257,0.97943,0.97241,0.98478,0.97904,0.98779
43d7ddc7db,3,1,95,4,0.29421,0.81676,0.81168,0.8927,0.88563,0.94115,0.82559,0.92569,0.73412,0.88983,0.90053,0.94878,0.92414,0.95688,0.87748,0.93645,0.92736,0.9662
795404e937,0,1,119,4,0.98409,0.99174,0.97482,0.9874,0.95854,0.97108,0.98409,0.99243,0.97558,0.98165,0.95915,0.98093,0.70089,0.82062,0.92523,0.96163,0.92079,0.94479
795404e937,1,1,110,3,0.97967,0.99223,0.98117,0.99065,0.9263,0.94466,0.97069,0.9853,0.9458,0.97225,0.95976,0.9839,0.65224,0.78879,0.81874,0.90915,0.8808,0.91144
795404e937,2,1,96,3,0.14706,0.70028,0.15714,0.71027,0.89912,0.92937,0.18595,0.72275,0.32167,0.76553,0.57797,0.83495,0.68088,0.75125,0.20947,0.6419,0.87235,0.905
795404e937,3,1,116,5,0.97998,0.99362,0.98458,0.99166,0.95854,0.97567,0.97482,0.98999,0.97283,0.98947,0.98174,0.99206,0.72565,0.84859,0.93535,0.96025,0.88404,0.93261
9ce17f3a90,0,1,187,4,0.9659,0.98742,0.94499,0.98326,0.93721,0.97278,0.98201,0.99327,0.92192,0.97357,0.94251,0.97341,0.94892,0.95226,0.88876,0.9445,0.92841,0.96102
9ce17f3a90,1,1,168,5,0.96641,0.98488,0.97024,0.98463,0.91964,0.97145,0.9836,0.99292,0.94499,0.97591,0.94815,0.96965,0.95598,0.97344,0.95186,0.96577,0.96036,0.97314
9ce17f3a90,2,1,146,4,0.95915,0.98378,0.94079,0.97736,0.79438,0.92904,0.96432,0.9838,0.91118,0.96775,0.9263,0.96468,0.92192,0.95152,0.95663,0.96636,0.9173,0.9601
9ce17f3a90,3,1,147,4,0.96095,0.98597,0.94815,0.98358,0.86154,0.95658,0.98309,0.99293,0.9173,0.97364,0.92841,0.96813,0.95598,0.97304,0.95728,0.97054,0.95328,0.96732
089e836f4a,0,1,64,2,0.99029,0.99437,0.95915,0.96147,0.95114,0.95515,0.97838,0.9854,0.97443,0.98452,0.90329,0.93092,0.84696,0.9103,0.96838,0.9799,0.90329,0.93535
089e836f4a,1,1,64,3,0.98831,0.99546,0.97482,0.98958,0.8606,0.9322,0.97404,0.98485,0.97871,0.9897,0.93902,0.95651,0.93245,0.95251,0.95854,0.96728,0.85488,0.87134
089e836f4a,2,1,64,2,0.98409,0.99069,0.93812,0.94639,0.89181,0.90906,0.96267,0.97549,0.97113,0.98189,0.89912,0.93061,0.94967,0.95726,0.92841,0.95479,0.86704,0.90477
089e836f4a,3,1,77,4,0.99409,0.99727,0.97482,0.98724,0.92523,0.95576,0.97904,0.991,0.99115,0.99411,0.95397,0.9788,0.90192,0.94701,0.95663,0.96943,0.91848,0.93432
2a865d2621,0,1,76,2,0.93245,0.94993,0.93046,0.95079,0.83114,0.89663,0.92523,0.9562,0.92304,0.95449,0.92304,0.93319,0.93721,0.95904,0.95915,0.97138,0.97364,0.97769
2a865d2621,1,1,63,2,0.90599,0.94343,0.92304,0.94016,0.91848,0.93756,0.8706,0.93059,0.92414,0.95778,0.92414,0.94039,0.97998,0.98274,0.96641,0.97718,0.98028,0.98411
2a865d2621,2,1,56,2,0.93721,0.95844,0.90862,0.93943,0.92523,0.94219,0.91118,0.95203,0.94165,0.96822,0.93343,0.94192,0.98309,0.98359,0.97241,0.97999,0.97069,0.97853
2a865d2621,3,1,66,3,0.89479,0.9547,0.87997,0.94036,0.96886,0.97644,0.88404,0.95681,0.93629,0.97222,0.93245,0.95956,0.96932,0.97949,0.96886,0.98111,0.97805,0.98605
e55bc289f7,0,1,103,5,0.96095,0.98614,0.97199,0.98526,0.97113,0.98671,0.96932,0.99009,0.92736,0.97983,0.9458,0.97501,0.94165,0.97307,0.95532,0.96717,0.95663,0.9722
e55bc289f7,1,1,84,5,0.95465,0.98868,0.98309,0.99365,0.96691,0.98679,0.98256,0.99524,0.93343,0.98328,0.95598,0.98425,0.94499,0.9719,0.96211,0.97429,0.95328,0.97012
e55bc289f7,2,0,104,4,0.94418,0.9852,0.9466,0.98323,0.94967,0.96807,0.93535,0.9711,0.09947,0.71452,0.85777,0.95672,0.91964,0.96268,0.71938,0.91081,0.91118,0.9608
e55bc289f7,3,1,104,5,0.96095,0.98741,0.96838,0.98746,0.98256,0.9905,0.96886,0.98962,0.31321,0.82243,0.95041,0.97632,0.9679,0.98184,0.95915,0.97431,0.97482,0.9801
129bf497af,0,1,111,6,0.39513,0.89095,0.84078,0.95932,0.25238,0.83701,0.37571,0.88707,0.86247,0.97075,0.48206,0.88673,0.02931,0.785,0.47707,0.87755,0.81523,0.95381
129bf497af,1,1,107,5,0.89181,0.97035,0.33285,0.85168,0.89479,0.95609,0.34158,0.85984,0.77322,0.94686,0.67233,0.91108,0.18713,0.78325,0.62704,0.88477,0.77046,0.93242
129bf497af,2,0,101,6,0.94967,0.97508,0.75636,0.91755,0.60019,0.86309,0.96378,0.9823,0.88876,0.96785,0.8872,0.96159,0.89331,0.95228,0.92414,0.95586,0.89625,0.93509
129bf497af,3,0,131,5,0.81168,0.9477,0.76207,0.9318,0.54529,0.84632,0.76207,0.92537,0.88563,0.96763,0.55471,0.83565,0.65313,0.86612,0.62108,0.87401,0.17106,0.69256
390e8bd1fe,0,1,72,2,0.96432,0.97938,0.88876,0.93922,0.86247,0.912,0.89912,0.93859,0.93535,0.94956,0.92414,0.95041,0.97805,0.98262,0.97113,0.97218,0.9659,0.97214
390e8bd1fe,1,0,67,2,0.0005,0.2859,0.00097,0.40512,0.30157,0.60574,0.00255,0.43613,0.04024,0.37624,0.00103,0.18791,0.32082,0.60556,0.06755,0.40978,0.06954,0.37222
390e8bd1fe,2,1,58,3,0.96691,0.98512,0.79566,0.92628,0.92304,0.94922,0.5448,0.8394,0.93146,0.96322,0.91964,0.95968,0.97404,0.97955,0.96153,0.96967,0.96378,0.97669
390e8bd1fe,3,0,93,4,0.00782,0.39105,0.00298,0.41323,0.06755,0.53241,0.01282,0.44682,0.01591,0.3657,0.00205,0.46797,0.5576,0.79705,0.04468,0.65732,0.04535,0.60261
6b1fa379d6,0,0,279,15,0.65666,0.96598,0.93245,0.98288,0.70982,0.89949,0.92523,0.98274,0.95041,0.9829,0.89029,0.97548,0.64333,0.83098,0.76348,0.89323,0.47646,0.84389
6b1fa379d6,1,0,102,5,0.24509,0.7975,0.96641,0.98441,0.86793,0.93603,0.98309,0.99399,0.96095,0.98426,0.68595,0.90355,0.91368,0.94009,0.72875,0.87075,0.95114,0.96793
6b1fa379d6,2,0,146,6,0.61416,0.86785,0.78531,0.94867,0.68257,0.85619,0.74017,0.95094,0.81405,0.93601,0.40169,0.86104,0.71303,0.83666,0.67319,0.8461,0.55109,0.77218
6b1fa379d6,3,0,97,5,0.95532,0.97683,0.97935,0.9897,0.88243,0.92405,0.98256,0.99343,0.95328,0.98195,0.95854,0.98099,0.85872,0.90608,0.8977,0.937,0.87493,0.92991
e6c6e35883,0,1,47,2,0.96979,0.98358,0.94418,0.96568,0.96641,0.97595,0.57797,0.78456,0.97113,0.97177,0.9466,0.96559,0.9344,0.94936,0.80069,0.89413,0.96323,0.97176
e6c6e35883,1,1,70,2,0.97241,0.98571,0.6593,0.82669,0.7066,0.83463,0.25238,0.62358,0.93046,0.95245,0.89625,0.94397,0.89479,0.92297,0.49472,0.73605,0.80194,0.86957
e6c6e35883,2,1,61,2,0.95728,0.97807,0.9173,0.95579,0.91244,0.95089,0.36026,0.67936,0.94815,0.97063,0.90731,0.94618,0.92414,0.95251,0.6044,0.79671,0.95532,0.97084
e6c6e35883,3,1,69,2,0.98309,0.99121,0.90731,0.94937,0.94418,0.95787,0.66888,0.83148,0.96932,0.97671,0.9466,0.96708,0.9466,0.95435,0.62795,0.79932,0.92304,0.93482
3a6497d7aa,0,1,88,4,0.95114,0.98261,0.93902,0.97725,0.85966,0.95,0.92944,0.96893,0.90465,0.96697,0.83332,0.93001,0.98409,0.98995,0.85391,0.9395,0.97404,0.98588
3a6497d7aa,1,1,94,4,0.96036,0.98553,0.9344,0.97562,0.86522,0.94965,0.93535,0.96674,0.93046,0.97445,0.84594,0.93621,0.97935,0.98838,0.75636,0.90272,0.9659,0.98167
3a6497d7aa,2,1,88,4,0.95114,0.98261,0.93902,0.97725,0.85966,0.95,0.92944,0.96893,0.90465,0.96697,0.83332,0.93001,0.98409,0.98995,0.85391,0.9395,0.97404,0.98588
3a6497d7aa,3,1,88,4,0.95114,0.98261,0.93902,0.97725,0.85966,0.95,0.92944,0.96893,0.90465,0.96697,0.83332,0.93001,0.98409,0.98995,0.85391,0.9395,0.97404,0.98588
d325777014,0,1,151,5,0.98831,0.99343,0.98458,0.9923,0.97364,0.98463,0.97702,0.98983,0.97935,0.98947,0.97199,0.98722,0.95728,0.971,0.86883,0.93088,0.93902,0.96795
d325777014,1,1,139,4,0.97324,0.98743,0.98795,0.99232,0.97631,0.98715,0.97241,0.9852,0.96036,0.98209,0.96095,0.9806,0.96095,0.97262,0.93721,0.96153,0.96211,0.98085
d325777014,2,1,124,5,0.99509,0.99787,0.99629,0.99757,0.96095,0.98382,0.99618,0.99788,0.99194,0.9952,0.98901,0.99326,0.97482,0.98265,0.94079,0.96274,0.97631,0.98503
d325777014,3,1,119,5,0.98409,0.99333,0.99059,0.99563,0.98504,0.98982,0.97631,0.99121,0.97324,0.98644,0.97069,0.98889,0.96838,0.98062,0.93535,0.96005,0.97871,0.98656
9c2b7ab9cb,0,1,92,4,0.97805,0.98742,0.93245,0.96163,0.94165,0.97702,0.8977,0.96527,0.95257,0.97793,0.89912,0.94596,0.93535,0.97017,0.96036,0.97102,0.95257,0.97355
9c2b7ab9cb,1,1,78,4,0.90991,0.9687,0.94165,0.97375,0.89479,0.96101,0.76769,0.93825,0.96432,0.98067,0.89181,0.94391,0.76908,0.92337,0.89625,0.95561,0.92523,0.96054
9c2b7ab9cb,2,1,84,3,0.98594,0.98887,0.95257,0.97214,0.96641,0.9736,0.9466,0.97494,0.95465,0.97449,0.74017,0.86703,0.80563,0.91768,0.94418,0.95436,0.87408,0.92462
9c2b7ab9cb,3,1,101,4,0.92944,0.97613,0.9458,0.97517,0.97324,0.98151,0.96538,0.98647,0.97631,0.98534,0.79693,0.91606,0.85777,0.95118,0.90599,0.95102,0.92304,0.96041
8c51e2c375,0,0,123,6,0.9466,0.97659,0.80685,0.9486,0.88404,0.95022,0.95976,0.98542,0.79182,0.94393,0.9679,0.9846,0.7074,0.904,0.75201,0.90241,0.83548,0.91815
8c51e2c375,1,1,118,6,0.34865,0.87773,0.01855,0.82583,0.63159,0.889,0.39981,0.89502,0.95532,0.98409,0.86613,0.96893,0.54504,0.85989,0.81523,0.92063,0.49938,0.8512
8c51e2c375,2,0,143,4,0.69678,0.89173,0.69014,0.88609,0.55399,0.74703,0.84078,0.92989,0.67918,0.90489,0.86522,0.93573,0.2728,0.62071,0.55544,0.73592,0.49953,0.79236
8c51e2c375,3,1,92,3,0.96741,0.9849,0.96211,0.98369,0.95976,0.96201,0.97404,0.9889,0.98145,0.98736,0.94335,0.97051,0.86247,0.92321,0.92523,0.95807,0.85294,0.91076
0e74521f90,0,0,139,6,0.89181,0.95988,0.75347,0.91747,0.75055,0.8901,0.83332,0.92612,0.70821,0.94,0.89479,0.96966,0.44119,0.79929,0.71463,0.86212,0.58889,0.82002
0e74521f90,1,1,161,6,0.98028,0.99115,0.92414,0.97544,0.3372,0.83755,0.94418,0.9794,0.92736,0.97227,0.75779,0.94501,0.77184,0.87979,0.78399,0.86402,0.76629,0.88578
0e74521f90,2,1,118,7,0.96267,0.99194,0.88243,0.97286,0.90192,0.93665,0.90731,0.97622,0.82559,0.9668,0.96378,0.98564,0.85585,0.93498,0.75779,0.86282,0.61324,0.84372
0e74521f90,3,1,150,7,0.98409,0.99385,0.93535,0.98243,0.9344,0.96807,0.89029,0.9803,0.96323,0.98776,0.96323,0.98698,0.86339,0.93009,0.92079,0.94824,0.87915,0.93182
b04e028bd2,0,1,114,7,0.97241,0.99102,0.94738,0.98424,0.74167,0.93872,0.10971,0.86474,0.14223,0.85675,0.49738,0.89916,0.91848,0.97236,0.87831,0.96457,0.89331,0.96933
b04e028bd2,1,1,119,5,0.98636,0.99479,0.98718,0.99348,0.69596,0.92076,0.96486,0.98202,0.96691,0.98697,0.95114,0.97764,0.92414,0.96907,0.86883,0.94801,0.82559,0.93938
b04e028bd2,2,1,120,5,0.9836,0.99535,0.9855,0.99325,0.89625,0.95829,0.9752,0.99106,0.97199,0.99055,0.96211,0.98466,0.96378,0.98373,0.95915,0.97493,0.95041,0.97735
b04e028bd2,3,1,99,5,0.98201,0.99383,0.97024,0.98457,0.85195,0.94132,0.93629,0.97858,0.88563,0.9664,0.93535,0.96719,0.96932,0.98394,0.97069,0.98089,0.95791,0.97854
8e8c8a1b7e,0,1,138,6,0.98831,0.99499,0.9458,0.98116,0.95915,0.98058,0.93721,0.97886,0.9173,0.9696,0.92523,0.96199,0.95598,0.97121,0.89331,0.94107,0.93046,0.96505
8e8c8a1b7e,1,0,187,9,0.90862,0.98443,0.96691,0.98937,0.52586,0.86346,0.97404,0.99103,0.56073,0.92556,0.76207,0.94234,0.39141,0.80413,0.57988,0.85521,0.63341,0.89476
8e8c8a1b7e,2,0,176,9,0.26741,0.785,0.79693,0.93153,0.2934,0.81193,0.38353,0.8087,0.23793,0.82498,0.29179,0.78151,0.15003,0.67549,0.25386,0.73173,0.15714,0.77764
8e8c8a1b7e,3,1,124,7,0.95532,0.9878,0.78531,0.93276,0.89331,0.96878,0.87493,0.97259,0.92304,0.97197,0.92304,0.96242,0.90053,0.94854,0.83548,0.92227,0.92304,0.95896
731b149113,0,0,92,6,0.94738,0.987,0.94967,0.9837,0.9173,0.96613,0.95791,0.98346,0.90731,0.96428,0.88876,0.96997,0.66192,0.9054,0.83441,0.93555,0.8872,0.96014
731b149113,1,0,132,6,0.51757,0.88122,0.13569,0.80157,0.84492,0.93458,0.70253,0.92729,0.72174,0.92257,0.52622,0.89024,0.44843,0.80309,0.76348,0.92793,0.89912,0.95688
731b149113,2,0,98,4,0.98935,0.99449,0.9659,0.98465,0.95397,0.98024,0.98028,0.99186,0.94499,0.98269,0.94418,0.97385,0.31827,0.78224,0.89912,0.95509,0.96095,0.97535
731b149113,3,0,85,5,0.97595,0.99129,0.97404,0.98927,0.97024,0.9808,0.96036,0.98709,0.8439,0.96238,0.95041,0.98119,0.93245,0.96372,0.95186,0.97474,0.93046,0.96382
b2c145be62,0,1,115,6,0.04959,0.82667,0.00327,0.78373,0.04743,0.7114,0.08152,0.82217,0.00395,0.71789,0.04672,0.75825,0.52257,0.84068,0.81048,0.92009,0.40733,0.80179
b2c145be62,1,1,116,3,0.19072,0.68857,0.12003,0.62486,0.23511,0.69327,0.09535,0.38413,0.00832,0.25795,0.3826,0.70776,0.11124,0.55564,0.25983,0.6534,0.24221,0.59562
b2c145be62,2,1,149,6,0.98256,0.98804,0.98504,0.98988,0.93343,0.96769,0.8977,0.97505,0.90192,0.97161,0.91611,0.97381,0.86613,0.91733,0.91368,0.9542,0.86522,0.90791
b2c145be62,3,1,122,8,0.87235,0.98108,0.81989,0.9653,0.87493,0.95924,0.92736,0.98746,0.97156,0.99093,0.90599,0.97425,0.77184,0.92618,0.95186,0.97861,0.88404,0.94738
3259a66bf3,0,1,81,2,0.97482,0.9777,0.88876,0.93357,0.94738,0.95265,0.97967,0.98593,0.91244,0.93669,0.91368,0.9457,0.94967,0.96419,0.93343,0.94888,0.88243,0.89354
3259a66bf3,1,1,82,2,0.93146,0.95701,0.89029,0.9241,0.96486,0.96662,0.98458,0.98826,0.90862,0.93508,0.90329,0.94067,0.93146,0.94057,0.93991,0.95366,0.78793,0.84561
3259a66bf3,2,1,60,2,0.98309,0.98763,0.90599,0.94002,0.94738,0.96368,0.98174,0.98752,0.96538,0.96538,0.9173,0.94923,0.97024,0.97068,0.96267,0.97743,0.93812,0.94115
3259a66bf3,3,1,83,2,0.97156,0.97732,0.86971,0.9202,0.96211,0.96374,0.97324,0.98306,0.9466,0.95348,0.92192,0.94798,0.96036,0.97017,0.95465,0.96652,0.91118,0.91874
6728a135e9,0,1,80,2,0.98757,0.99269,0.97364,0.98303,0.95598,0.96927,0.98594,0.98764,0.96741,0.97033,0.93721,0.95763,0.9931,0.99458,0.97904,0.98627,0.97737,0.98534
6728a135e9,1,1,71,3,0.95854,0.98356,0.92841,0.97067,0.93046,0.95959,0.9458,0.97796,0.9149,0.96018,0.67747,0.88432,0.99168,0.99218,0.98145,0.98507,0.99168,0.99554
6728a135e9,2,1,81,3,0.99218,0.99641,0.98309,0.99124,0.98636,0.98987,0.99194,0.99459,0.98028,0.98877,0.96267,0.98149,0.99509,0.9973,0.98458,0.99009,0.99242,0.99578
6728a135e9,3,1,83,2,0.95598,0.97675,0.95915,0.97542,0.94335,0.9642,0.93343,0.96105,0.91368,0.94346,0.81287,0.89529,0.98458,0.98786,0.97283,0.98317,0.9836,0.98893
8b88a68237,0,0,166,5,0.96323,0.98406,0.94738,0.97688,0.59878,0.88454,0.61601,0.896,0.92414,0.96434,0.81523,0.93063,0.4206,0.8213,0.61601,0.85378,0.35667,0.73579
8b88a68237,1,1,201,9,0.43398,0.92973,0.13207,0.87343,0.76908,0.92677,0.52853,0.92315,0.76908,0.96311,0.76489,0.94857,0.70497,0.93318,0.93721,0.96497,0.74909,0.91172
8b88a68237,2,1,242,9,0.40028,0.92142,0.95041,0.97673,0.95465,0.97732,0.73106,0.92989,0.96267,0.98394,0.9173,0.96428,0.86154,0.94777,0.92414,0.95814,0.79438,0.91778
8b88a68237,3,1,174,6,0.98201,0.98943,0.98831,0.99356,0.8977,0.96294,0.85681,0.96213,0.97113,0.98805,0.83004,0.94544,0.83762,0.93327,0.88404,0.95591,0.91118,0.93266
